{
  "type": "FeatureCollection",
  "name": "台州轨道交通-OSM",
  "features": [
    {
      "type": "Feature",
      "properties": {
        "id": "45107348",
        "name": "杭深线",
        "railway": "rail",
        "source": "osm",
        "ref": "3009"
      },
      "geometry": {
        "type": "LineString",
        "coordinates": [
          [
            121.2316029,
            28.8196185
          ],
          [
            121.2316324,
            28.8194479
          ]
        ]
      }
    },
    {
      "type": "Feature",
      "properties": {
        "id": "45107349",
        "name": "杭深线",
        "railway": "rail",
        "source": "osm",
        "ref": "3009"
      },
      "geometry": {
        "type": "LineString",
        "coordinates": [
          [
            121.2283457,
            28.8396469
          ],
          [
            121.2316029,
            28.8196185
          ]
        ]
      }
    },
    {
      "type": "Feature",
      "properties": {
        "id": "45107414",
        "name": "杭深线",
        "railway": "rail",
        "source": "osm",
        "ref": "3009"
      },
      "geometry": {
        "type": "LineString",
        "coordinates": [
          [
            121.2604442,
            28.7484022
          ],
          [
            121.2610974,
            28.74628
          ]
        ]
      }
    },
    {
      "type": "Feature",
      "properties": {
        "id": "47478257",
        "name": "杭深线",
        "railway": "rail",
        "source": "osm",
        "ref": "3009"
      },
      "geometry": {
        "type": "LineString",
        "coordinates": [
          [
            121.2848251,
            28.6967117
          ],
          [
            121.2849323,
            28.696123
          ],
          [
            121.2875812,
            28.681843
          ],
          [
            121.2877366,
            28.6810096
          ],
          [
            121.2881999,
            28.6785288
          ]
        ]
      }
    },
    {
      "type": "Feature",
      "properties": {
        "id": "47478589",
        "name": "杭深线",
        "railway": "rail",
        "source": "osm",
        "ref": "3009"
      },
      "geometry": {
        "type": "LineString",
        "coordinates": [
          [
            121.135128,
            28.334878
          ],
          [
            121.1234316,
            28.3266006
          ],
          [
            121.1221724,
            28.325645
          ]
        ]
      }
    },
    {
      "type": "Feature",
      "properties": {
        "id": "47478592",
        "name": "杭深线",
        "railway": "rail",
        "source": "osm",
        "ref": "3009"
      },
      "geometry": {
        "type": "LineString",
        "coordinates": [
          [
            121.0813846,
            28.2913791
          ],
          [
            121.0794213,
            28.2899168
          ],
          [
            121.078906,
            28.289533
          ],
          [
            121.074966,
            28.286609
          ],
          [
            121.0656691,
            28.2796432
          ]
        ]
      }
    },
    {
      "type": "Feature",
      "properties": {
        "id": "47478594",
        "name": "杭深线",
        "railway": "rail",
        "source": "osm",
        "ref": "3009"
      },
      "geometry": {
        "type": "LineString",
        "coordinates": [
          [
            121.0817891,
            28.2917101
          ],
          [
            121.0813846,
            28.2913791
          ]
        ]
      }
    },
    {
      "type": "Feature",
      "properties": {
        "id": "47478597",
        "name": "杭深线",
        "railway": "rail",
        "source": "osm",
        "ref": "3009"
      },
      "geometry": {
        "type": "LineString",
        "coordinates": [
          [
            121.210627,
            28.3879714
          ],
          [
            121.207933,
            28.386516
          ],
          [
            121.2023112,
            28.3835406
          ]
        ]
      }
    },
    {
      "type": "Feature",
      "properties": {
        "id": "47478598",
        "name": "杭深线",
        "railway": "rail",
        "source": "osm",
        "ref": "3009"
      },
      "geometry": {
        "type": "LineString",
        "coordinates": [
          [
            121.1584081,
            28.3515613
          ],
          [
            121.1583076,
            28.3515008
          ],
          [
            121.1577784,
            28.3511822
          ],
          [
            121.1558554,
            28.3498048
          ]
        ]
      }
    },
    {
      "type": "Feature",
      "properties": {
        "id": "47478599",
        "name": "杭深线",
        "railway": "rail",
        "source": "osm",
        "ref": "3009"
      },
      "geometry": {
        "type": "LineString",
        "coordinates": [
          [
            121.1821491,
            28.3691794
          ],
          [
            121.1584081,
            28.3515613
          ]
        ]
      }
    },
    {
      "type": "Feature",
      "properties": {
        "id": "55210737",
        "name": "杭深线",
        "railway": "rail",
        "source": "osm",
        "ref": "3009"
      },
      "geometry": {
        "type": "LineString",
        "coordinates": [
          [
            121.2023112,
            28.3835406
          ],
          [
            121.1995409,
            28.3820522
          ],
          [
            121.1983734,
            28.3813128
          ]
        ]
      }
    },
    {
      "type": "Feature",
      "properties": {
        "id": "107163084",
        "name": "杭深线",
        "railway": "rail",
        "source": "osm",
        "ref": "3009"
      },
      "geometry": {
        "type": "LineString",
        "coordinates": [
          [
            121.2923734,
            28.6560726
          ],
          [
            121.2987268,
            28.6122451
          ]
        ]
      }
    },
    {
      "type": "Feature",
      "properties": {
        "id": "107163093",
        "name": "杭深线",
        "railway": "rail",
        "source": "osm",
        "ref": "3009"
      },
      "geometry": {
        "type": "LineString",
        "coordinates": [
          [
            121.2989086,
            28.6109857
          ],
          [
            121.3003254,
            28.5988752
          ],
          [
            121.3005384,
            28.5975266
          ]
        ]
      }
    },
    {
      "type": "Feature",
      "properties": {
        "id": "107163345",
        "name": "杭深线",
        "railway": "rail",
        "source": "osm",
        "ref": "3009"
      },
      "geometry": {
        "type": "LineString",
        "coordinates": [
          [
            121.2557348,
            28.7679441
          ],
          [
            121.2557998,
            28.7677058
          ]
        ]
      }
    },
    {
      "type": "Feature",
      "properties": {
        "id": "107163347",
        "name": "杭深线",
        "railway": "rail",
        "source": "osm",
        "ref": "3009"
      },
      "geometry": {
        "type": "LineString",
        "coordinates": [
          [
            121.2832021,
            28.7056118
          ],
          [
            121.2847828,
            28.6969573
          ]
        ]
      }
    },
    {
      "type": "Feature",
      "properties": {
        "id": "107163348",
        "name": "杭深线",
        "railway": "rail",
        "source": "osm",
        "ref": "3009"
      },
      "geometry": {
        "type": "LineString",
        "coordinates": [
          [
            121.2369005,
            28.8044614
          ],
          [
            121.237656,
            28.803141
          ],
          [
            121.2382042,
            28.8022607
          ]
        ]
      }
    },
    {
      "type": "Feature",
      "properties": {
        "id": "107163351",
        "name": "杭深线",
        "railway": "rail",
        "source": "osm",
        "ref": "3009"
      },
      "geometry": {
        "type": "LineString",
        "coordinates": [
          [
            121.241394,
            28.7975173
          ],
          [
            121.243256,
            28.7949008
          ]
        ]
      }
    },
    {
      "type": "Feature",
      "properties": {
        "id": "107163353",
        "name": "杭深线",
        "railway": "rail",
        "source": "osm",
        "ref": "3009"
      },
      "geometry": {
        "type": "LineString",
        "coordinates": [
          [
            121.2533425,
            28.7773941
          ],
          [
            121.2541408,
            28.7744503
          ]
        ]
      }
    },
    {
      "type": "Feature",
      "properties": {
        "id": "107163358",
        "name": "杭深线",
        "railway": "rail",
        "source": "osm",
        "ref": "3009"
      },
      "geometry": {
        "type": "LineString",
        "coordinates": [
          [
            121.243256,
            28.7949008
          ],
          [
            121.2440785,
            28.7939078
          ],
          [
            121.247421,
            28.789267
          ],
          [
            121.2491576,
            28.7866916
          ],
          [
            121.25042,
            28.784395
          ],
          [
            121.2516601,
            28.7819204
          ],
          [
            121.2523779,
            28.7800279
          ]
        ]
      }
    },
    {
      "type": "Feature",
      "properties": {
        "id": "107163359",
        "name": "杭深线",
        "railway": "rail",
        "source": "osm",
        "ref": "3009"
      },
      "geometry": {
        "type": "LineString",
        "coordinates": [
          [
            121.2543314,
            28.7736916
          ],
          [
            121.2557348,
            28.7679441
          ]
        ]
      }
    },
    {
      "type": "Feature",
      "properties": {
        "id": "107163362",
        "name": "杭深线",
        "railway": "rail",
        "source": "osm",
        "ref": "3009"
      },
      "geometry": {
        "type": "LineString",
        "coordinates": [
          [
            121.2322034,
            28.8166524
          ],
          [
            121.2328758,
            28.8140992
          ]
        ]
      }
    },
    {
      "type": "Feature",
      "properties": {
        "id": "107163363",
        "name": "杭深线",
        "railway": "rail",
        "source": "osm",
        "ref": "3009"
      },
      "geometry": {
        "type": "LineString",
        "coordinates": [
          [
            121.2693965,
            28.730711
          ],
          [
            121.2800192,
            28.7158462
          ],
          [
            121.2819171,
            28.7112535
          ],
          [
            121.2828021,
            28.7077382
          ],
          [
            121.2832021,
            28.7056118
          ]
        ]
      }
    },
    {
      "type": "Feature",
      "properties": {
        "id": "107163364",
        "name": "杭深线",
        "railway": "rail",
        "source": "osm",
        "ref": "3009"
      },
      "geometry": {
        "type": "LineString",
        "coordinates": [
          [
            121.2541408,
            28.7744503
          ],
          [
            121.2543314,
            28.7736916
          ]
        ]
      }
    },
    {
      "type": "Feature",
      "properties": {
        "id": "107163365",
        "name": "杭深线",
        "railway": "rail",
        "source": "osm",
        "ref": "3009"
      },
      "geometry": {
        "type": "LineString",
        "coordinates": [
          [
            121.2352235,
            28.807861
          ],
          [
            121.2369005,
            28.8044614
          ]
        ]
      }
    },
    {
      "type": "Feature",
      "properties": {
        "id": "227001062",
        "name": "杭深线",
        "railway": "rail",
        "source": "osm",
        "ref": "3009"
      },
      "geometry": {
        "type": "LineString",
        "coordinates": [
          [
            121.2847828,
            28.6969573
          ],
          [
            121.2848251,
            28.6967117
          ]
        ]
      }
    },
    {
      "type": "Feature",
      "properties": {
        "id": "227001063",
        "name": "杭深线",
        "railway": "rail",
        "source": "osm",
        "ref": "3009"
      },
      "geometry": {
        "type": "LineString",
        "coordinates": [
          [
            121.2881999,
            28.6785288
          ],
          [
            121.2893294,
            28.6724429
          ],
          [
            121.2895376,
            28.6713162
          ],
          [
            121.2923104,
            28.6563731
          ]
        ]
      }
    },
    {
      "type": "Feature",
      "properties": {
        "id": "241605961",
        "name": "杭深线",
        "railway": "rail",
        "source": "osm",
        "ref": "3009"
      },
      "geometry": {
        "type": "LineString",
        "coordinates": [
          [
            121.1221724,
            28.325645
          ],
          [
            121.1219501,
            28.3254765
          ]
        ]
      }
    },
    {
      "type": "Feature",
      "properties": {
        "id": "317325933",
        "name": "杭深线",
        "railway": "rail",
        "source": "osm",
        "ref": "3009"
      },
      "geometry": {
        "type": "LineString",
        "coordinates": [
          [
            121.3179557,
            28.4697051
          ],
          [
            121.3170796,
            28.4664765
          ],
          [
            121.3161073,
            28.4637157
          ],
          [
            121.3149976,
            28.4610896
          ],
          [
            121.3136195,
            28.458395
          ],
          [
            121.3122594,
            28.4561435
          ],
          [
            121.3111749,
            28.4544547
          ],
          [
            121.3095551,
            28.4523287
          ],
          [
            121.3072489,
            28.4496926
          ],
          [
            121.3053201,
            28.4477351
          ],
          [
            121.3027648,
            28.4454402
          ],
          [
            121.298237,
            28.4415676
          ],
          [
            121.2959729,
            28.4395691
          ],
          [
            121.2926006,
            28.4367235
          ],
          [
            121.2895413,
            28.4341182
          ],
          [
            121.286609,
            28.4316117
          ],
          [
            121.2837654,
            28.429167
          ],
          [
            121.2815995,
            28.4274251
          ],
          [
            121.279937,
            28.4260095
          ]
        ]
      }
    },
    {
      "type": "Feature",
      "properties": {
        "id": "317325935",
        "name": "杭深线",
        "railway": "rail",
        "source": "osm",
        "ref": "3009"
      },
      "geometry": {
        "type": "LineString",
        "coordinates": [
          [
            121.2790077,
            28.425324
          ],
          [
            121.279937,
            28.4260095
          ]
        ]
      }
    },
    {
      "type": "Feature",
      "properties": {
        "id": "317325937",
        "name": "杭深线",
        "railway": "rail",
        "source": "osm",
        "ref": "3009"
      },
      "geometry": {
        "type": "LineString",
        "coordinates": [
          [
            121.2713837,
            28.4201711
          ],
          [
            121.2719365,
            28.4205114
          ]
        ]
      }
    },
    {
      "type": "Feature",
      "properties": {
        "id": "317325938",
        "name": "杭深线",
        "railway": "rail",
        "source": "osm",
        "ref": "3009"
      },
      "geometry": {
        "type": "LineString",
        "coordinates": [
          [
            121.1983734,
            28.3813128
          ],
          [
            121.1967438,
            28.3802442
          ]
        ]
      }
    },
    {
      "type": "Feature",
      "properties": {
        "id": "317325939",
        "name": "杭深线",
        "railway": "rail",
        "source": "osm",
        "ref": "3009"
      },
      "geometry": {
        "type": "LineString",
        "coordinates": [
          [
            121.1967438,
            28.3802442
          ],
          [
            121.1821491,
            28.3691794
          ]
        ]
      }
    },
    {
      "type": "Feature",
      "properties": {
        "id": "317325940",
        "name": "杭深线",
        "railway": "rail",
        "source": "osm",
        "ref": "3009"
      },
      "geometry": {
        "type": "LineString",
        "coordinates": [
          [
            121.2719365,
            28.4205114
          ],
          [
            121.2754191,
            28.4227686
          ],
          [
            121.2790077,
            28.425324
          ]
        ]
      }
    },
    {
      "type": "Feature",
      "properties": {
        "id": "317325941",
        "name": "杭深线",
        "railway": "rail",
        "source": "osm",
        "ref": "3009"
      },
      "geometry": {
        "type": "LineString",
        "coordinates": [
          [
            121.1558554,
            28.3498048
          ],
          [
            121.150799,
            28.345986
          ],
          [
            121.144131,
            28.341351
          ],
          [
            121.1432701,
            28.3407338
          ]
        ]
      }
    },
    {
      "type": "Feature",
      "properties": {
        "id": "317325975",
        "name": "杭深线",
        "railway": "rail",
        "source": "osm",
        "ref": "3009"
      },
      "geometry": {
        "type": "LineString",
        "coordinates": [
          [
            121.0656691,
            28.2796432
          ],
          [
            121.039111,
            28.2615005
          ]
        ]
      }
    },
    {
      "type": "Feature",
      "properties": {
        "id": "317327470",
        "name": "杭深线",
        "railway": "rail",
        "source": "osm",
        "ref": "3009"
      },
      "geometry": {
        "type": "LineString",
        "coordinates": [
          [
            121.3247728,
            28.5092023
          ],
          [
            121.3247235,
            28.5080547
          ]
        ]
      }
    },
    {
      "type": "Feature",
      "properties": {
        "id": "317327471",
        "name": "杭深线",
        "railway": "rail",
        "source": "osm",
        "ref": "3009"
      },
      "geometry": {
        "type": "LineString",
        "coordinates": [
          [
            121.3214112,
            28.4870381
          ],
          [
            121.3213596,
            28.4867788
          ],
          [
            121.3192035,
            28.4759332
          ],
          [
            121.3190409,
            28.4750999
          ],
          [
            121.3179557,
            28.4697051
          ]
        ]
      }
    },
    {
      "type": "Feature",
      "properties": {
        "id": "317327472",
        "name": "杭深线",
        "railway": "rail",
        "source": "osm",
        "ref": "3009"
      },
      "geometry": {
        "type": "LineString",
        "coordinates": [
          [
            121.3247235,
            28.5080547
          ],
          [
            121.3245323,
            28.5046191
          ],
          [
            121.3244268,
            28.5034149
          ],
          [
            121.3242793,
            28.502141
          ],
          [
            121.3240911,
            28.5008394
          ],
          [
            121.3239047,
            28.4996686
          ],
          [
            121.3236704,
            28.4983986
          ],
          [
            121.322249,
            28.4912513
          ],
          [
            121.3217747,
            28.488743
          ]
        ]
      }
    },
    {
      "type": "Feature",
      "properties": {
        "id": "317327503",
        "name": "杭深线",
        "railway": "rail",
        "source": "osm",
        "ref": "3009"
      },
      "geometry": {
        "type": "LineString",
        "coordinates": [
          [
            121.3242101,
            28.518445
          ],
          [
            121.3247728,
            28.5092023
          ]
        ]
      }
    },
    {
      "type": "Feature",
      "properties": {
        "id": "317327825",
        "name": "杭深线",
        "railway": "rail",
        "source": "osm",
        "ref": "3009"
      },
      "geometry": {
        "type": "LineString",
        "coordinates": [
          [
            121.3035952,
            28.5861579
          ],
          [
            121.3037702,
            28.5856195
          ]
        ]
      }
    },
    {
      "type": "Feature",
      "properties": {
        "id": "317327826",
        "name": "杭深线",
        "railway": "rail",
        "source": "osm",
        "ref": "3009"
      },
      "geometry": {
        "type": "LineString",
        "coordinates": [
          [
            121.3241684,
            28.5189786
          ],
          [
            121.3242101,
            28.518445
          ]
        ]
      }
    },
    {
      "type": "Feature",
      "properties": {
        "id": "317327827",
        "name": "杭深线",
        "railway": "rail",
        "source": "osm",
        "ref": "3009"
      },
      "geometry": {
        "type": "LineString",
        "coordinates": [
          [
            121.300675,
            28.5968281
          ],
          [
            121.3015529,
            28.5926813
          ],
          [
            121.3035952,
            28.5861579
          ]
        ]
      }
    },
    {
      "type": "Feature",
      "properties": {
        "id": "317327828",
        "name": "杭深线",
        "railway": "rail",
        "source": "osm",
        "ref": "3009"
      },
      "geometry": {
        "type": "LineString",
        "coordinates": [
          [
            121.3122284,
            28.5617069
          ],
          [
            121.3143072,
            28.5558185
          ],
          [
            121.3145541,
            28.5551194
          ],
          [
            121.3149085,
            28.5541154
          ],
          [
            121.3185201,
            28.5438844
          ],
          [
            121.3188081,
            28.5430685
          ],
          [
            121.3189222,
            28.5427454
          ],
          [
            121.3192079,
            28.5419359
          ],
          [
            121.3209758,
            28.5369275
          ],
          [
            121.3214002,
            28.5356847
          ],
          [
            121.3218559,
            28.5343127
          ],
          [
            121.3221434,
            28.5334256
          ],
          [
            121.3223665,
            28.5326118
          ],
          [
            121.3226254,
            28.5315593
          ],
          [
            121.3228325,
            28.530563
          ],
          [
            121.3230541,
            28.5294191
          ],
          [
            121.3232171,
            28.5284642
          ]
        ]
      }
    },
    {
      "type": "Feature",
      "properties": {
        "id": "317327829",
        "name": "杭深线",
        "railway": "rail",
        "source": "osm",
        "ref": "3009"
      },
      "geometry": {
        "type": "LineString",
        "coordinates": [
          [
            121.3232171,
            28.5284642
          ],
          [
            121.3236008,
            28.5259842
          ],
          [
            121.3238694,
            28.5232079
          ],
          [
            121.3241684,
            28.5189786
          ]
        ]
      }
    },
    {
      "type": "Feature",
      "properties": {
        "id": "317327830",
        "name": "杭深线",
        "railway": "rail",
        "source": "osm",
        "ref": "3009"
      },
      "geometry": {
        "type": "LineString",
        "coordinates": [
          [
            121.3037702,
            28.5856195
          ],
          [
            121.3041841,
            28.5845607
          ],
          [
            121.306125,
            28.5789833
          ],
          [
            121.308159,
            28.57341
          ],
          [
            121.3122284,
            28.5617069
          ]
        ]
      }
    },
    {
      "type": "Feature",
      "properties": {
        "id": "317328274",
        "name": "杭深线",
        "railway": "rail",
        "source": "osm",
        "ref": "3009"
      },
      "geometry": {
        "type": "LineString",
        "coordinates": [
          [
            121.2328758,
            28.8140992
          ],
          [
            121.2333505,
            28.8126739
          ],
          [
            121.2341678,
            28.810474
          ],
          [
            121.2352235,
            28.807861
          ]
        ]
      }
    },
    {
      "type": "Feature",
      "properties": {
        "id": "317328275",
        "name": "杭深线",
        "railway": "rail",
        "source": "osm",
        "ref": "3009"
      },
      "geometry": {
        "type": "LineString",
        "coordinates": [
          [
            121.2382042,
            28.8022607
          ],
          [
            121.2388976,
            28.8011504
          ]
        ]
      }
    },
    {
      "type": "Feature",
      "properties": {
        "id": "317328276",
        "name": "杭深线",
        "railway": "rail",
        "source": "osm",
        "ref": "3009"
      },
      "geometry": {
        "type": "LineString",
        "coordinates": [
          [
            121.2388976,
            28.8011504
          ],
          [
            121.241394,
            28.7975173
          ]
        ]
      }
    },
    {
      "type": "Feature",
      "properties": {
        "id": "317328277",
        "name": "杭深线",
        "railway": "rail",
        "source": "osm",
        "ref": "3009"
      },
      "geometry": {
        "type": "LineString",
        "coordinates": [
          [
            121.231776,
            28.8187801
          ],
          [
            121.2322034,
            28.8166524
          ]
        ]
      }
    },
    {
      "type": "Feature",
      "properties": {
        "id": "317328278",
        "name": "杭深线",
        "railway": "rail",
        "source": "osm",
        "ref": "3009"
      },
      "geometry": {
        "type": "LineString",
        "coordinates": [
          [
            121.3005384,
            28.5975266
          ],
          [
            121.300675,
            28.5968281
          ]
        ]
      }
    },
    {
      "type": "Feature",
      "properties": {
        "id": "317328279",
        "name": "杭深线",
        "railway": "rail",
        "source": "osm",
        "ref": "3009"
      },
      "geometry": {
        "type": "LineString",
        "coordinates": [
          [
            121.2316324,
            28.8194479
          ],
          [
            121.231776,
            28.8187801
          ]
        ]
      }
    },
    {
      "type": "Feature",
      "properties": {
        "id": "317328281",
        "name": "杭深线",
        "railway": "rail",
        "source": "osm",
        "ref": "3009"
      },
      "geometry": {
        "type": "LineString",
        "coordinates": [
          [
            121.2557998,
            28.7677058
          ],
          [
            121.2566699,
            28.7645468
          ],
          [
            121.2580751,
            28.7582326
          ],
          [
            121.2590426,
            28.7539066
          ],
          [
            121.2593304,
            28.7527203
          ],
          [
            121.2604442,
            28.7484022
          ]
        ]
      }
    },
    {
      "type": "Feature",
      "properties": {
        "id": "317328282",
        "name": "杭深线",
        "railway": "rail",
        "source": "osm",
        "ref": "3009"
      },
      "geometry": {
        "type": "LineString",
        "coordinates": [
          [
            121.2923104,
            28.6563731
          ],
          [
            121.2923734,
            28.6560726
          ]
        ]
      }
    },
    {
      "type": "Feature",
      "properties": {
        "id": "317328283",
        "name": "杭深线",
        "railway": "rail",
        "source": "osm",
        "ref": "3009"
      },
      "geometry": {
        "type": "LineString",
        "coordinates": [
          [
            121.2987268,
            28.6122451
          ],
          [
            121.2989086,
            28.6109857
          ]
        ]
      }
    },
    {
      "type": "Feature",
      "properties": {
        "id": "457094534",
        "name": "杭深线",
        "railway": "rail",
        "source": "osm",
        "ref": "3009"
      },
      "geometry": {
        "type": "LineString",
        "coordinates": [
          [
            121.21343,
            28.3894792
          ],
          [
            121.2132233,
            28.389374
          ]
        ]
      }
    },
    {
      "type": "Feature",
      "properties": {
        "id": "457094535",
        "name": "杭深线",
        "railway": "rail",
        "source": "osm",
        "ref": "3009"
      },
      "geometry": {
        "type": "LineString",
        "coordinates": [
          [
            121.2171093,
            28.3913522
          ],
          [
            121.21343,
            28.3894792
          ]
        ]
      }
    },
    {
      "type": "Feature",
      "properties": {
        "id": "482182892",
        "name": "杭深线",
        "railway": "rail",
        "source": "osm",
        "ref": "3009"
      },
      "geometry": {
        "type": "LineString",
        "coordinates": [
          [
            121.2610974,
            28.74628
          ],
          [
            121.2615001,
            28.7450138
          ],
          [
            121.2618094,
            28.7441296
          ],
          [
            121.2623741,
            28.7427171
          ],
          [
            121.2631991,
            28.7407629
          ],
          [
            121.2643189,
            28.7385334
          ],
          [
            121.265102,
            28.7370991
          ],
          [
            121.26578,
            28.7358994
          ],
          [
            121.2665703,
            28.7346325
          ],
          [
            121.2679072,
            28.7326305
          ],
          [
            121.2693965,
            28.730711
          ]
        ]
      }
    },
    {
      "type": "Feature",
      "properties": {
        "id": "530994472",
        "name": "台州市域铁路S1线",
        "railway": "subway",
        "source": "osm"
      },
      "geometry": {
        "type": "LineString",
        "coordinates": [
          [
            121.3688627,
            28.6559003
          ],
          [
            121.3682351,
            28.652944
          ],
          [
            121.3678551,
            28.6510957
          ],
          [
            121.3677757,
            28.6503969
          ],
          [
            121.367987,
            28.6494389
          ],
          [
            121.3684729,
            28.648651
          ],
          [
            121.3689627,
            28.648117
          ],
          [
            121.3716323,
            28.6458135
          ],
          [
            121.3739205,
            28.6439298
          ],
          [
            121.3758189,
            28.6425783
          ],
          [
            121.3763393,
            28.6422425
          ],
          [
            121.3768268,
            28.6419868
          ],
          [
            121.3775051,
            28.6417525
          ],
          [
            121.3780233,
            28.6416319
          ],
          [
            121.3790671,
            28.6413704
          ],
          [
            121.3798484,
            28.6412021
          ],
          [
            121.3818772,
            28.640853
          ],
          [
            121.3834105,
            28.6408894
          ],
          [
            121.3872329,
            28.6412447
          ],
          [
            121.3914745,
            28.6412741
          ],
          [
            121.3983914,
            28.6409283
          ],
          [
            121.398571,
            28.6409156
          ],
          [
            121.3989007,
            28.6409058
          ],
          [
            121.399392,
            28.6408916
          ],
          [
            121.4005851,
            28.6408269
          ],
          [
            121.4010405,
            28.640815
          ],
          [
            121.402326,
            28.6407816
          ],
          [
            121.4036249,
            28.6407651
          ],
          [
            121.4041354,
            28.6407085
          ],
          [
            121.4046952,
            28.640587
          ],
          [
            121.405374,
            28.6401324
          ],
          [
            121.4058013,
            28.6397676
          ],
          [
            121.4061793,
            28.6394136
          ],
          [
            121.4065647,
            28.6387275
          ],
          [
            121.4067471,
            28.638343
          ],
          [
            121.4068013,
            28.6381453
          ]
        ]
      }
    },
    {
      "type": "Feature",
      "properties": {
        "id": "530994473",
        "name": "台州市域铁路S1线",
        "railway": "subway",
        "source": "osm"
      },
      "geometry": {
        "type": "LineString",
        "coordinates": [
          [
            121.406282,
            28.6351838
          ],
          [
            121.4051948,
            28.6340231
          ],
          [
            121.4044356,
            28.6331882
          ],
          [
            121.4040291,
            28.6327919
          ],
          [
            121.4037524,
            28.6325487
          ],
          [
            121.4010226,
            28.6299039
          ],
          [
            121.398975,
            28.6278555
          ],
          [
            121.3951502,
            28.6241382
          ],
          [
            121.3842846,
            28.6133867
          ],
          [
            121.3727949,
            28.6020764
          ],
          [
            121.3724143,
            28.6017682
          ],
          [
            121.3718566,
            28.6014554
          ],
          [
            121.3712054,
            28.6011969
          ],
          [
            121.3707156,
            28.6010768
          ],
          [
            121.370366,
            28.6010167
          ],
          [
            121.3699843,
            28.6009943
          ],
          [
            121.3697566,
            28.6009857
          ],
          [
            121.3684842,
            28.6010602
          ],
          [
            121.364275,
            28.6014444
          ],
          [
            121.3623511,
            28.6016083
          ],
          [
            121.360753,
            28.6017345
          ],
          [
            121.3563816,
            28.6022186
          ]
        ]
      }
    },
    {
      "type": "Feature",
      "properties": {
        "id": "530996902",
        "name": "台州市域铁路S1线",
        "railway": "subway",
        "source": "osm"
      },
      "geometry": {
        "type": "LineString",
        "coordinates": [
          [
            121.3563816,
            28.6022186
          ],
          [
            121.3552471,
            28.602426
          ],
          [
            121.353865,
            28.6027649
          ],
          [
            121.351347,
            28.6036806
          ],
          [
            121.3503976,
            28.6040196
          ],
          [
            121.3491802,
            28.6042994
          ],
          [
            121.348465,
            28.6044266
          ],
          [
            121.3478837,
            28.6044556
          ],
          [
            121.3469967,
            28.6044093
          ],
          [
            121.345272,
            28.6042757
          ],
          [
            121.3440431,
            28.604149
          ],
          [
            121.3429574,
            28.6040211
          ],
          [
            121.3418372,
            28.6039445
          ],
          [
            121.3412483,
            28.6038923
          ],
          [
            121.3402703,
            28.6037923
          ],
          [
            121.3395372,
            28.6036943
          ],
          [
            121.3390684,
            28.6035418
          ],
          [
            121.3385245,
            28.6033327
          ],
          [
            121.3378868,
            28.6029552
          ],
          [
            121.3373423,
            28.6025592
          ],
          [
            121.3368104,
            28.601957
          ],
          [
            121.3364458,
            28.6014038
          ],
          [
            121.3361242,
            28.6005869
          ],
          [
            121.3359867,
            28.599827
          ]
        ]
      }
    },
    {
      "type": "Feature",
      "properties": {
        "id": "544344634",
        "name": "金台铁路头门港支线",
        "railway": "rail",
        "source": "osm"
      },
      "geometry": {
        "type": "LineString",
        "coordinates": [
          [
            121.2549181,
            28.7511076
          ],
          [
            121.2553253,
            28.7509801
          ],
          [
            121.2579092,
            28.7501275
          ],
          [
            121.2581105,
            28.7500611
          ],
          [
            121.2608105,
            28.7491365
          ]
        ]
      }
    },
    {
      "type": "Feature",
      "properties": {
        "id": "544344637",
        "name": "金台线",
        "railway": "rail",
        "source": "osm",
        "ref": "0628"
      },
      "geometry": {
        "type": "LineString",
        "coordinates": [
          [
            121.2768041,
            28.725223
          ],
          [
            121.2813651,
            28.7163102
          ],
          [
            121.2819264,
            28.7139059
          ],
          [
            121.2836811,
            28.7055585
          ],
          [
            121.2839341,
            28.7043705
          ]
        ]
      }
    },
    {
      "type": "Feature",
      "properties": {
        "id": "544344639",
        "name": "金台线",
        "railway": "rail",
        "source": "osm",
        "ref": "0628"
      },
      "geometry": {
        "type": "LineString",
        "coordinates": [
          [
            121.2839341,
            28.7043705
          ],
          [
            121.2852401,
            28.6972343
          ]
        ]
      }
    },
    {
      "type": "Feature",
      "properties": {
        "id": "544344641",
        "name": "金台线",
        "railway": "rail",
        "source": "osm",
        "ref": "0628"
      },
      "geometry": {
        "type": "LineString",
        "coordinates": [
          [
            121.2886232,
            28.6786466
          ],
          [
            121.2904562,
            28.6682312
          ],
          [
            121.2907466,
            28.666541
          ],
          [
            121.2923896,
            28.6579322
          ],
          [
            121.2927155,
            28.6561713
          ]
        ]
      }
    },
    {
      "type": "Feature",
      "properties": {
        "id": "544344643",
        "name": "金台线",
        "railway": "rail",
        "source": "osm",
        "ref": "0628"
      },
      "geometry": {
        "type": "LineString",
        "coordinates": [
          [
            121.2927155,
            28.6561713
          ],
          [
            121.297124,
            28.6257598
          ],
          [
            121.2992316,
            28.6132616
          ],
          [
            121.2992334,
            28.612164
          ]
        ]
      }
    },
    {
      "type": "Feature",
      "properties": {
        "id": "544344645",
        "name": "金台线",
        "railway": "rail",
        "source": "osm",
        "ref": "0628"
      },
      "geometry": {
        "type": "LineString",
        "coordinates": [
          [
            121.2992334,
            28.612164
          ],
          [
            121.2992626,
            28.6116547
          ],
          [
            121.2992558,
            28.6108075
          ]
        ]
      }
    },
    {
      "type": "Feature",
      "properties": {
        "id": "544344647",
        "name": "金台线",
        "railway": "rail",
        "source": "osm",
        "ref": "0628"
      },
      "geometry": {
        "type": "LineString",
        "coordinates": [
          [
            121.3010334,
            28.5971899
          ],
          [
            121.30263,
            28.5912994
          ]
        ]
      }
    },
    {
      "type": "Feature",
      "properties": {
        "id": "544344649",
        "name": "金台线",
        "railway": "rail",
        "source": "osm",
        "ref": "0628"
      },
      "geometry": {
        "type": "LineString",
        "coordinates": [
          [
            121.3039256,
            28.5866384
          ],
          [
            121.3089696,
            28.5720933
          ],
          [
            121.3123814,
            28.5623208
          ],
          [
            121.3136855,
            28.5582051
          ]
        ]
      }
    },
    {
      "type": "Feature",
      "properties": {
        "id": "552638163",
        "name": "金台线",
        "railway": "rail",
        "source": "osm",
        "ref": "0628"
      },
      "geometry": {
        "type": "LineString",
        "coordinates": [
          [
            121.1856396,
            28.7746495
          ],
          [
            121.1809705,
            28.7762764
          ],
          [
            121.1768886,
            28.7776471
          ],
          [
            121.175628,
            28.7781111
          ]
        ]
      }
    },
    {
      "type": "Feature",
      "properties": {
        "id": "552638164",
        "name": "金台线",
        "railway": "rail",
        "source": "osm",
        "ref": "0628"
      },
      "geometry": {
        "type": "LineString",
        "coordinates": [
          [
            121.1606045,
            28.7879907
          ],
          [
            121.1458452,
            28.7962781
          ]
        ]
      }
    },
    {
      "type": "Feature",
      "properties": {
        "id": "552638165",
        "name": "金台线",
        "railway": "rail",
        "source": "osm",
        "ref": "0628"
      },
      "geometry": {
        "type": "LineString",
        "coordinates": [
          [
            121.1458452,
            28.7962781
          ],
          [
            121.1450798,
            28.7967774
          ],
          [
            121.1444199,
            28.7972767
          ],
          [
            121.1432471,
            28.7983267
          ],
          [
            121.1404723,
            28.8008996
          ],
          [
            121.1383567,
            28.8028794
          ],
          [
            121.1355913,
            28.8053491
          ],
          [
            121.1347171,
            28.805995
          ]
        ]
      }
    },
    {
      "type": "Feature",
      "properties": {
        "id": "552638166",
        "name": "金台线",
        "railway": "rail",
        "source": "osm",
        "ref": "0628"
      },
      "geometry": {
        "type": "LineString",
        "coordinates": [
          [
            121.1260377,
            28.8123034
          ],
          [
            121.1242794,
            28.8135853
          ],
          [
            121.1214861,
            28.8155915
          ],
          [
            121.1185584,
            28.8177871
          ],
          [
            121.1173476,
            28.8188711
          ]
        ]
      }
    },
    {
      "type": "Feature",
      "properties": {
        "id": "552638167",
        "name": "金台线",
        "railway": "rail",
        "source": "osm",
        "ref": "0628"
      },
      "geometry": {
        "type": "LineString",
        "coordinates": [
          [
            121.1156708,
            28.8205097
          ],
          [
            121.1149975,
            28.8211171
          ],
          [
            121.1109808,
            28.8239812
          ],
          [
            121.1075475,
            28.8258987
          ],
          [
            121.1045069,
            28.8276724
          ]
        ]
      }
    },
    {
      "type": "Feature",
      "properties": {
        "id": "552638168",
        "name": "金台线",
        "railway": "rail",
        "source": "osm",
        "ref": "0628"
      },
      "geometry": {
        "type": "LineString",
        "coordinates": [
          [
            121.1045069,
            28.8276724
          ],
          [
            121.1022397,
            28.8291639
          ]
        ]
      }
    },
    {
      "type": "Feature",
      "properties": {
        "id": "552638169",
        "name": "金台线",
        "railway": "rail",
        "source": "osm",
        "ref": "0628"
      },
      "geometry": {
        "type": "LineString",
        "coordinates": [
          [
            121.0787647,
            28.8446141
          ],
          [
            121.0766465,
            28.8453976
          ],
          [
            121.0738468,
            28.8463051
          ]
        ]
      }
    },
    {
      "type": "Feature",
      "properties": {
        "id": "552638170",
        "name": "金台线",
        "railway": "rail",
        "source": "osm",
        "ref": "0628"
      },
      "geometry": {
        "type": "LineString",
        "coordinates": [
          [
            121.1004879,
            28.8303164
          ],
          [
            121.0994184,
            28.8311214
          ],
          [
            121.0812494,
            28.843385
          ],
          [
            121.080181,
            28.8440241
          ],
          [
            121.0795288,
            28.8443227
          ],
          [
            121.0787647,
            28.8446141
          ]
        ]
      }
    },
    {
      "type": "Feature",
      "properties": {
        "id": "552638172",
        "name": "金台线",
        "railway": "rail",
        "source": "osm",
        "ref": "0628"
      },
      "geometry": {
        "type": "LineString",
        "coordinates": [
          [
            121.0738468,
            28.8463051
          ],
          [
            121.0727372,
            28.8466367
          ],
          [
            121.0713262,
            28.8469831
          ],
          [
            121.0699316,
            28.8472342
          ],
          [
            121.0685592,
            28.8474137
          ],
          [
            121.0661313,
            28.8475772
          ],
          [
            121.0159807,
            28.8497958
          ]
        ]
      }
    },
    {
      "type": "Feature",
      "properties": {
        "id": "552649488",
        "name": "金台线",
        "railway": "rail",
        "source": "osm",
        "ref": "0628"
      },
      "geometry": {
        "type": "LineString",
        "coordinates": [
          [
            121.213631,
            28.7599905
          ],
          [
            121.2127864,
            28.7601766
          ],
          [
            121.2120314,
            28.7603889
          ],
          [
            121.2104815,
            28.7609093
          ],
          [
            121.2098021,
            28.7611708
          ]
        ]
      }
    },
    {
      "type": "Feature",
      "properties": {
        "id": "552649489",
        "name": "金台线",
        "railway": "rail",
        "source": "osm",
        "ref": "0628"
      },
      "geometry": {
        "type": "LineString",
        "coordinates": [
          [
            121.213631,
            28.7599905
          ],
          [
            121.2180108,
            28.7592984
          ]
        ]
      }
    },
    {
      "type": "Feature",
      "properties": {
        "id": "552874799",
        "name": "金台铁路头门港支线",
        "railway": "rail",
        "source": "osm"
      },
      "geometry": {
        "type": "LineString",
        "coordinates": [
          [
            121.2652177,
            28.7469465
          ],
          [
            121.2661768,
            28.7461767
          ],
          [
            121.2667739,
            28.7456507
          ],
          [
            121.2680199,
            28.7445281
          ],
          [
            121.2689522,
            28.7436755
          ],
          [
            121.2698516,
            28.7429395
          ],
          [
            121.2704879,
            28.7424967
          ],
          [
            121.2711153,
            28.7421513
          ],
          [
            121.2718222,
            28.7418401
          ],
          [
            121.2725237,
            28.7416135
          ],
          [
            121.2731699,
            28.7414485
          ],
          [
            121.2738204,
            28.7413228
          ],
          [
            121.274775,
            28.741247
          ],
          [
            121.2758454,
            28.7412132
          ],
          [
            121.2812935,
            28.7410462
          ]
        ]
      }
    },
    {
      "type": "Feature",
      "properties": {
        "id": "552874800",
        "name": "金台线",
        "railway": "rail",
        "source": "osm",
        "ref": "0628"
      },
      "geometry": {
        "type": "LineString",
        "coordinates": [
          [
            121.2752111,
            28.7314835
          ],
          [
            121.2745935,
            28.7329382
          ],
          [
            121.2738202,
            28.7344529
          ],
          [
            121.272162,
            28.7375122
          ],
          [
            121.2703622,
            28.7406205
          ],
          [
            121.2695267,
            28.7421107
          ],
          [
            121.2691604,
            28.7427617
          ],
          [
            121.268631,
            28.7435481
          ],
          [
            121.2680884,
            28.7442277
          ],
          [
            121.2674986,
            28.744911
          ],
          [
            121.2661162,
            28.7461501
          ],
          [
            121.2652601,
            28.7468516
          ],
          [
            121.2651933,
            28.7469023
          ]
        ]
      }
    },
    {
      "type": "Feature",
      "properties": {
        "id": "552874801",
        "name": "金台铁路头门港支线",
        "railway": "rail",
        "source": "osm"
      },
      "geometry": {
        "type": "LineString",
        "coordinates": [
          [
            121.3100353,
            28.7377096
          ],
          [
            121.318189,
            28.7374664
          ]
        ]
      }
    },
    {
      "type": "Feature",
      "properties": {
        "id": "552874802",
        "name": "金台铁路头门港支线",
        "railway": "rail",
        "source": "osm"
      },
      "geometry": {
        "type": "LineString",
        "coordinates": [
          [
            121.318189,
            28.7374664
          ],
          [
            121.3191728,
            28.7374201
          ],
          [
            121.3201091,
            28.737417
          ],
          [
            121.3213988,
            28.7374558
          ],
          [
            121.3228166,
            28.7376105
          ],
          [
            121.3247622,
            28.7379338
          ],
          [
            121.3296682,
            28.738859
          ],
          [
            121.3309862,
            28.7390687
          ]
        ]
      }
    },
    {
      "type": "Feature",
      "properties": {
        "id": "552874803",
        "name": "金台铁路头门港支线",
        "railway": "rail",
        "source": "osm"
      },
      "geometry": {
        "type": "LineString",
        "coordinates": [
          [
            121.33151,
            28.73914
          ],
          [
            121.3464962,
            28.7418294
          ],
          [
            121.3488068,
            28.7423443
          ],
          [
            121.3506845,
            28.7428403
          ]
        ]
      }
    },
    {
      "type": "Feature",
      "properties": {
        "id": "552874804",
        "name": "金台铁路头门港支线",
        "railway": "rail",
        "source": "osm"
      },
      "geometry": {
        "type": "LineString",
        "coordinates": [
          [
            121.3506845,
            28.7428403
          ],
          [
            121.3561992,
            28.7444973
          ],
          [
            121.3573111,
            28.7447906
          ],
          [
            121.3579652,
            28.7449139
          ]
        ]
      }
    },
    {
      "type": "Feature",
      "properties": {
        "id": "552874805",
        "name": "金台铁路头门港支线",
        "railway": "rail",
        "source": "osm"
      },
      "geometry": {
        "type": "LineString",
        "coordinates": [
          [
            121.3579652,
            28.7449139
          ],
          [
            121.3593456,
            28.7450954
          ],
          [
            121.389901,
            28.7489092
          ],
          [
            121.3917761,
            28.7492621
          ],
          [
            121.3932076,
            28.7496485
          ],
          [
            121.3937421,
            28.7498637
          ],
          [
            121.3942966,
            28.7501486
          ]
        ]
      }
    },
    {
      "type": "Feature",
      "properties": {
        "id": "552874806",
        "name": "金台铁路头门港支线",
        "railway": "rail",
        "source": "osm"
      },
      "geometry": {
        "type": "LineString",
        "coordinates": [
          [
            121.3942966,
            28.7501486
          ],
          [
            121.3960913,
            28.751239
          ],
          [
            121.4003137,
            28.7536598
          ]
        ]
      }
    },
    {
      "type": "Feature",
      "properties": {
        "id": "552874807",
        "name": "金台铁路头门港支线",
        "railway": "rail",
        "source": "osm"
      },
      "geometry": {
        "type": "LineString",
        "coordinates": [
          [
            121.2549181,
            28.7511076
          ],
          [
            121.2543782,
            28.7512784
          ]
        ]
      }
    },
    {
      "type": "Feature",
      "properties": {
        "id": "552874808",
        "name": "金台线",
        "railway": "rail",
        "source": "osm",
        "ref": "0628"
      },
      "geometry": {
        "type": "LineString",
        "coordinates": [
          [
            121.2429255,
            28.7549108
          ],
          [
            121.2411383,
            28.7555134
          ],
          [
            121.2364835,
            28.7570276
          ]
        ]
      }
    },
    {
      "type": "Feature",
      "properties": {
        "id": "552874809",
        "name": "金台线",
        "railway": "rail",
        "source": "osm",
        "ref": "0628"
      },
      "geometry": {
        "type": "LineString",
        "coordinates": [
          [
            121.2364835,
            28.7570276
          ],
          [
            121.2346784,
            28.757604
          ],
          [
            121.2333722,
            28.7579107
          ],
          [
            121.2320874,
            28.7581418
          ],
          [
            121.2311002,
            28.7582745
          ],
          [
            121.2299936,
            28.7583898
          ]
        ]
      }
    },
    {
      "type": "Feature",
      "properties": {
        "id": "552874810",
        "name": "金台线",
        "railway": "rail",
        "source": "osm",
        "ref": "0628"
      },
      "geometry": {
        "type": "LineString",
        "coordinates": [
          [
            121.2299936,
            28.7583898
          ],
          [
            121.2212641,
            28.7588469
          ]
        ]
      }
    },
    {
      "type": "Feature",
      "properties": {
        "id": "555001945",
        "name": "杭深线",
        "railway": "rail",
        "source": "osm",
        "ref": "3009"
      },
      "geometry": {
        "type": "LineString",
        "coordinates": [
          [
            121.1006511,
            28.306663
          ],
          [
            121.0973918,
            28.3037667
          ]
        ]
      }
    },
    {
      "type": "Feature",
      "properties": {
        "id": "555001946",
        "name": "杭深线",
        "railway": "rail",
        "source": "osm",
        "ref": "3009"
      },
      "geometry": {
        "type": "LineString",
        "coordinates": [
          [
            121.0925501,
            28.299701
          ],
          [
            121.0817891,
            28.2917101
          ]
        ]
      }
    },
    {
      "type": "Feature",
      "properties": {
        "id": "728248011",
        "name": "金台铁路头门港支线",
        "railway": "rail",
        "source": "osm"
      },
      "geometry": {
        "type": "LineString",
        "coordinates": [
          [
            121.6433245,
            28.7575837
          ],
          [
            121.6416894,
            28.7578925
          ],
          [
            121.6403457,
            28.7582067
          ],
          [
            121.6389352,
            28.7586233
          ],
          [
            121.6282489,
            28.7621408
          ],
          [
            121.626813,
            28.7626705
          ],
          [
            121.6251019,
            28.7631866
          ],
          [
            121.6128316,
            28.7657383
          ]
        ]
      }
    },
    {
      "type": "Feature",
      "properties": {
        "id": "728248012",
        "name": "金台铁路头门港支线",
        "railway": "rail",
        "source": "osm"
      },
      "geometry": {
        "type": "LineString",
        "coordinates": [
          [
            121.4423785,
            28.7704365
          ],
          [
            121.4413452,
            28.7698762
          ],
          [
            121.439484,
            28.7690934
          ],
          [
            121.4368709,
            28.7680317
          ],
          [
            121.4343574,
            28.7671443
          ],
          [
            121.4186769,
            28.7632257
          ],
          [
            121.4163828,
            28.7624827
          ],
          [
            121.4140973,
            28.7615089
          ],
          [
            121.4126075,
            28.7606426
          ]
        ]
      }
    },
    {
      "type": "Feature",
      "properties": {
        "id": "728248013",
        "name": "金台铁路头门港支线",
        "railway": "rail",
        "source": "osm"
      },
      "geometry": {
        "type": "LineString",
        "coordinates": [
          [
            121.5092748,
            28.7779693
          ],
          [
            121.5063018,
            28.779156
          ],
          [
            121.504085,
            28.7799512
          ]
        ]
      }
    },
    {
      "type": "Feature",
      "properties": {
        "id": "728248014",
        "name": "金台铁路头门港支线",
        "railway": "rail",
        "source": "osm"
      },
      "geometry": {
        "type": "LineString",
        "coordinates": [
          [
            121.5630781,
            28.7714792
          ],
          [
            121.5611702,
            28.7715924
          ],
          [
            121.5592249,
            28.7715336
          ],
          [
            121.5575841,
            28.7712064
          ]
        ]
      }
    },
    {
      "type": "Feature",
      "properties": {
        "id": "728248015",
        "name": "金台铁路头门港支线",
        "railway": "rail",
        "source": "osm"
      },
      "geometry": {
        "type": "LineString",
        "coordinates": [
          [
            121.5828851,
            28.772005
          ],
          [
            121.5808348,
            28.7721918
          ],
          [
            121.5791014,
            28.7722276
          ],
          [
            121.572223,
            28.7718277
          ],
          [
            121.5684494,
            28.7715437
          ],
          [
            121.5657642,
            28.7713951
          ],
          [
            121.5630781,
            28.7714792
          ]
        ]
      }
    },
    {
      "type": "Feature",
      "properties": {
        "id": "728248016",
        "name": "金台铁路头门港支线",
        "railway": "rail",
        "source": "osm"
      },
      "geometry": {
        "type": "LineString",
        "coordinates": [
          [
            121.6128316,
            28.7657383
          ],
          [
            121.6093849,
            28.7666225
          ],
          [
            121.6039588,
            28.7683293
          ],
          [
            121.5982511,
            28.7697211
          ],
          [
            121.595106,
            28.7704783
          ],
          [
            121.5922056,
            28.7710699
          ],
          [
            121.5857397,
            28.7717808
          ],
          [
            121.5828851,
            28.772005
          ]
        ]
      }
    },
    {
      "type": "Feature",
      "properties": {
        "id": "733307660",
        "name": "杭深线",
        "railway": "rail",
        "source": "osm",
        "ref": "3009"
      },
      "geometry": {
        "type": "LineString",
        "coordinates": [
          [
            121.2293361,
            28.85287
          ],
          [
            121.228889,
            28.850693
          ],
          [
            121.22831,
            28.847046
          ],
          [
            121.228119,
            28.843172
          ],
          [
            121.2281346,
            28.8416427
          ]
        ]
      }
    },
    {
      "type": "Feature",
      "properties": {
        "id": "773625224",
        "name": "乐清湾铁路",
        "railway": "rail",
        "source": "osm"
      },
      "geometry": {
        "type": "LineString",
        "coordinates": [
          [
            121.0659692,
            28.2599097
          ],
          [
            121.0664292,
            28.2594868
          ]
        ]
      }
    },
    {
      "type": "Feature",
      "properties": {
        "id": "773625225",
        "name": "乐清湾铁路",
        "railway": "rail",
        "source": "osm"
      },
      "geometry": {
        "type": "LineString",
        "coordinates": [
          [
            121.0476345,
            28.2638445
          ],
          [
            121.0509054,
            28.2649368
          ],
          [
            121.052736,
            28.2652659
          ],
          [
            121.0548655,
            28.2654798
          ],
          [
            121.0574621,
            28.2653646
          ],
          [
            121.059302,
            28.2649698
          ],
          [
            121.0604508,
            28.2645584
          ],
          [
            121.0617585,
            28.2637933
          ],
          [
            121.0630567,
            28.2627651
          ],
          [
            121.0648507,
            28.2609816
          ],
          [
            121.0659692,
            28.2599097
          ]
        ]
      }
    },
    {
      "type": "Feature",
      "properties": {
        "id": "773625226",
        "name": "乐清湾铁路",
        "railway": "rail",
        "source": "osm"
      },
      "geometry": {
        "type": "LineString",
        "coordinates": [
          [
            121.0664292,
            28.2594868
          ],
          [
            121.0669401,
            28.2588348
          ],
          [
            121.0684055,
            28.2571403
          ]
        ]
      }
    },
    {
      "type": "Feature",
      "properties": {
        "id": "773625227",
        "name": "乐清湾铁路",
        "railway": "rail",
        "source": "osm"
      },
      "geometry": {
        "type": "LineString",
        "coordinates": [
          [
            121.0684055,
            28.2571403
          ],
          [
            121.0687744,
            28.2567138
          ]
        ]
      }
    },
    {
      "type": "Feature",
      "properties": {
        "id": "773625233",
        "name": "乐清湾铁路",
        "railway": "rail",
        "source": "osm"
      },
      "geometry": {
        "type": "LineString",
        "coordinates": [
          [
            121.0687744,
            28.2567138
          ],
          [
            121.0782181,
            28.2456028
          ]
        ]
      }
    },
    {
      "type": "Feature",
      "properties": {
        "id": "790982397",
        "name": "台州市域铁路S1线",
        "railway": "subway",
        "source": "osm"
      },
      "geometry": {
        "type": "LineString",
        "coordinates": [
          [
            121.3356912,
            28.5981946
          ],
          [
            121.3355758,
            28.5973961
          ],
          [
            121.3350145,
            28.594393
          ],
          [
            121.3346338,
            28.5927848
          ],
          [
            121.334409,
            28.5924131
          ],
          [
            121.3332888,
            28.5908161
          ],
          [
            121.3328019,
            28.5900471
          ],
          [
            121.3319526,
            28.5887921
          ],
          [
            121.3288839,
            28.5843666
          ],
          [
            121.3285636,
            28.5837579
          ],
          [
            121.3246803,
            28.5721331
          ],
          [
            121.3239402,
            28.5698809
          ],
          [
            121.3221931,
            28.5644206
          ],
          [
            121.3219945,
            28.5636453
          ],
          [
            121.3219177,
            28.563095
          ],
          [
            121.3218945,
            28.562686
          ],
          [
            121.3219342,
            28.561219
          ],
          [
            121.3220349,
            28.5597238
          ]
        ]
      }
    },
    {
      "type": "Feature",
      "properties": {
        "id": "790982399",
        "name": "台州市域铁路S1线",
        "railway": "subway",
        "source": "osm"
      },
      "geometry": {
        "type": "LineString",
        "coordinates": [
          [
            121.3220349,
            28.5597238
          ],
          [
            121.3222774,
            28.5558552
          ],
          [
            121.3224506,
            28.5544742
          ],
          [
            121.3229122,
            28.5526209
          ],
          [
            121.3237799,
            28.5504867
          ],
          [
            121.324892,
            28.5476357
          ],
          [
            121.3255196,
            28.5454709
          ],
          [
            121.3260676,
            28.5438031
          ],
          [
            121.3264186,
            28.542342
          ],
          [
            121.3265038,
            28.5419242
          ]
        ]
      }
    },
    {
      "type": "Feature",
      "properties": {
        "id": "790982400",
        "name": "台州市域铁路S1线",
        "railway": "subway",
        "source": "osm"
      },
      "geometry": {
        "type": "LineString",
        "coordinates": [
          [
            121.3265038,
            28.5419242
          ],
          [
            121.3265704,
            28.5413821
          ],
          [
            121.3265778,
            28.5409601
          ],
          [
            121.3265359,
            28.540603
          ],
          [
            121.326486,
            28.5403102
          ],
          [
            121.3264607,
            28.5400499
          ],
          [
            121.3264286,
            28.5393451
          ]
        ]
      }
    },
    {
      "type": "Feature",
      "properties": {
        "id": "790982401",
        "name": "台州市域铁路S1线",
        "railway": "subway",
        "source": "osm"
      },
      "geometry": {
        "type": "LineString",
        "coordinates": [
          [
            121.3260922,
            28.5366686
          ],
          [
            121.3261006,
            28.5363706
          ],
          [
            121.326211,
            28.5357064
          ],
          [
            121.3263842,
            28.5350581
          ],
          [
            121.3266231,
            28.5343639
          ],
          [
            121.327091,
            28.5334463
          ],
          [
            121.3278814,
            28.5323126
          ],
          [
            121.3287682,
            28.5311744
          ]
        ]
      }
    },
    {
      "type": "Feature",
      "properties": {
        "id": "790982405",
        "name": "台州市域铁路S1线",
        "railway": "subway",
        "source": "osm"
      },
      "geometry": {
        "type": "LineString",
        "coordinates": [
          [
            121.3292013,
            28.5306079
          ],
          [
            121.3302482,
            28.5292557
          ]
        ]
      }
    },
    {
      "type": "Feature",
      "properties": {
        "id": "790982406",
        "name": "台州市域铁路S1线",
        "railway": "subway",
        "source": "osm"
      },
      "geometry": {
        "type": "LineString",
        "coordinates": [
          [
            121.33045,
            28.5289878
          ],
          [
            121.3308345,
            28.5284056
          ],
          [
            121.3312044,
            28.5276444
          ],
          [
            121.3314614,
            28.5270238
          ],
          [
            121.3317799,
            28.5261034
          ],
          [
            121.3320772,
            28.5248782
          ],
          [
            121.3323816,
            28.5236966
          ],
          [
            121.3329125,
            28.5216442
          ],
          [
            121.3342291,
            28.5163825
          ],
          [
            121.3347246,
            28.5144109
          ],
          [
            121.3349794,
            28.5131234
          ],
          [
            121.3351422,
            28.5123645
          ],
          [
            121.3353262,
            28.5113569
          ],
          [
            121.3354465,
            28.510256
          ],
          [
            121.3354819,
            28.5089373
          ],
          [
            121.3353616,
            28.5071335
          ],
          [
            121.3351422,
            28.5046392
          ],
          [
            121.3349581,
            28.5036688
          ],
          [
            121.3345759,
            28.5025989
          ],
          [
            121.3336911,
            28.5000609
          ],
          [
            121.3334072,
            28.4993409
          ],
          [
            121.3322046,
            28.4962911
          ],
          [
            121.3320736,
            28.496001
          ],
          [
            121.3318029,
            28.495552
          ],
          [
            121.3315322,
            28.4951679
          ],
          [
            121.3310444,
            28.4945942
          ],
          [
            121.3304704,
            28.4940205
          ],
          [
            121.3300822,
            28.4937178
          ],
          [
            121.3296939,
            28.4934476
          ],
          [
            121.327039,
            28.4919662
          ],
          [
            121.3257775,
            28.4911651
          ],
          [
            121.3252881,
            28.4907808
          ],
          [
            121.3250413,
            28.4905305
          ],
          [
            121.32445,
            28.4898813
          ],
          [
            121.3241472,
            28.4894225
          ],
          [
            121.3235195,
            28.4882535
          ],
          [
            121.3232009,
            28.4869159
          ],
          [
            121.3229508,
            28.485741
          ],
          [
            121.3227561,
            28.4845877
          ],
          [
            121.3226109,
            28.4835373
          ],
          [
            121.3223666,
            28.481971
          ],
          [
            121.3222542,
            28.4812504
          ],
          [
            121.322061,
            28.4799421
          ],
          [
            121.3211072,
            28.4748571
          ],
          [
            121.3204191,
            28.4712804
          ],
          [
            121.3198058,
            28.4683435
          ],
          [
            121.3197234,
            28.4676713
          ],
          [
            121.3196903,
            28.4670067
          ],
          [
            121.3197182,
            28.466777
          ],
          [
            121.3197498,
            28.4662647
          ],
          [
            121.3198149,
            28.4656268
          ],
          [
            121.3199454,
            28.464956
          ],
          [
            121.3202727,
            28.4639155
          ],
          [
            121.3204634,
            28.4634004
          ],
          [
            121.3207461,
            28.4628233
          ],
          [
            121.321298,
            28.4618807
          ],
          [
            121.3223012,
            28.4603948
          ],
          [
            121.323148,
            28.4591798
          ],
          [
            121.3234841,
            28.4586265
          ],
          [
            121.3239705,
            28.4574968
          ],
          [
            121.3241191,
            28.4569319
          ],
          [
            121.3244784,
            28.4548884
          ],
          [
            121.3246843,
            28.4539239
          ],
          [
            121.3249389,
            28.4531997
          ],
          [
            121.3253251,
            28.4523695
          ],
          [
            121.3257275,
            28.4515394
          ],
          [
            121.3260413,
            28.4508555
          ],
          [
            121.3276694,
            28.4452663
          ],
          [
            121.3280618,
            28.443024
          ],
          [
            121.328187,
            28.4423089
          ],
          [
            121.3288314,
            28.4377918
          ],
          [
            121.3295113,
            28.4317353
          ],
          [
            121.3296691,
            28.4308516
          ],
          [
            121.3299504,
            28.4298475
          ],
          [
            121.3304599,
            28.4281753
          ],
          [
            121.3306067,
            28.4274794
          ],
          [
            121.3307268,
            28.4268779
          ],
          [
            121.3311397,
            28.4242496
          ],
          [
            121.3314786,
            28.4232687
          ],
          [
            121.3322489,
            28.4215453
          ],
          [
            121.3327698,
            28.4195342
          ],
          [
            121.333153,
            28.418171
          ],
          [
            121.3333417,
            28.4175081
          ],
          [
            121.3335646,
            28.4170521
          ],
          [
            121.3340297,
            28.4162505
          ],
          [
            121.3354162,
            28.4138495
          ],
          [
            121.3382138,
            28.4089716
          ],
          [
            121.3392182,
            28.4072372
          ],
          [
            121.3402853,
            28.405314
          ],
          [
            121.340557,
            28.404896
          ],
          [
            121.3411684,
            28.4042913
          ],
          [
            121.341583,
            28.4039943
          ],
          [
            121.34198,
            28.4037657
          ],
          [
            121.3425882,
            28.4034851
          ],
          [
            121.3433556,
            28.4032014
          ],
          [
            121.3441009,
            28.4029042
          ],
          [
            121.3446907,
            28.4027081
          ],
          [
            121.3453512,
            28.4025462
          ],
          [
            121.3466592,
            28.4023492
          ],
          [
            121.350088,
            28.4018811
          ]
        ]
      }
    },
    {
      "type": "Feature",
      "properties": {
        "id": "790982407",
        "name": "台州市域铁路S1线",
        "railway": "subway",
        "source": "osm"
      },
      "geometry": {
        "type": "LineString",
        "coordinates": [
          [
            121.3515706,
            28.4015486
          ],
          [
            121.3519508,
            28.4013828
          ],
          [
            121.3523452,
            28.4011743
          ],
          [
            121.3526936,
            28.4009502
          ],
          [
            121.3531732,
            28.4005621
          ],
          [
            121.3537388,
            28.3998569
          ],
          [
            121.3554312,
            28.3966252
          ],
          [
            121.3561421,
            28.395344
          ],
          [
            121.3564995,
            28.3947278
          ],
          [
            121.3569079,
            28.3941394
          ],
          [
            121.3575074,
            28.3933725
          ],
          [
            121.3612341,
            28.390024
          ],
          [
            121.3626444,
            28.3887997
          ],
          [
            121.3663057,
            28.3855787
          ],
          [
            121.3720814,
            28.3806261
          ],
          [
            121.3730936,
            28.3797293
          ],
          [
            121.3752374,
            28.3778778
          ],
          [
            121.376731,
            28.3765077
          ],
          [
            121.3776158,
            28.3756171
          ],
          [
            121.3792084,
            28.3738546
          ],
          [
            121.3803197,
            28.3725529
          ],
          [
            121.3807869,
            28.3719425
          ],
          [
            121.3810983,
            28.3712824
          ],
          [
            121.3812682,
            28.3706782
          ],
          [
            121.3818269,
            28.3683626
          ],
          [
            121.3819207,
            28.3669535
          ],
          [
            121.3823127,
            28.3619585
          ],
          [
            121.3825544,
            28.3610367
          ],
          [
            121.3829164,
            28.3601365
          ],
          [
            121.3845679,
            28.3576638
          ],
          [
            121.3899042,
            28.3523061
          ],
          [
            121.3984079,
            28.3448656
          ],
          [
            121.4008235,
            28.3400062
          ],
          [
            121.4034515,
            28.3352601
          ],
          [
            121.4051022,
            28.3328313
          ]
        ]
      }
    },
    {
      "type": "Feature",
      "properties": {
        "id": "814502522",
        "name": "金台线",
        "railway": "rail",
        "source": "osm",
        "ref": "0628"
      },
      "geometry": {
        "type": "LineString",
        "coordinates": [
          [
            121.1171391,
            28.8190815
          ],
          [
            121.1156708,
            28.8205097
          ]
        ]
      }
    },
    {
      "type": "Feature",
      "properties": {
        "id": "814502523",
        "name": "金台线",
        "railway": "rail",
        "source": "osm",
        "ref": "0628"
      },
      "geometry": {
        "type": "LineString",
        "coordinates": [
          [
            121.1173476,
            28.8188711
          ],
          [
            121.1171391,
            28.8190815
          ]
        ]
      }
    },
    {
      "type": "Feature",
      "properties": {
        "id": "814502530",
        "name": "金台线",
        "railway": "rail",
        "source": "osm",
        "ref": "0628"
      },
      "geometry": {
        "type": "LineString",
        "coordinates": [
          [
            121.1347171,
            28.805995
          ],
          [
            121.1320716,
            28.8078928
          ],
          [
            121.1302718,
            28.809286
          ],
          [
            121.1294281,
            28.8098937
          ],
          [
            121.1260377,
            28.8123034
          ]
        ]
      }
    },
    {
      "type": "Feature",
      "properties": {
        "id": "814502531",
        "name": "金台线",
        "railway": "rail",
        "source": "osm",
        "ref": "0628"
      },
      "geometry": {
        "type": "LineString",
        "coordinates": [
          [
            121.1616085,
            28.7874109
          ],
          [
            121.1611674,
            28.7876699
          ],
          [
            121.1606045,
            28.7879907
          ]
        ]
      }
    },
    {
      "type": "Feature",
      "properties": {
        "id": "814503539",
        "name": "金台线",
        "railway": "rail",
        "source": "osm",
        "ref": "0628"
      },
      "geometry": {
        "type": "LineString",
        "coordinates": [
          [
            121.30263,
            28.5912994
          ],
          [
            121.3039256,
            28.5866384
          ]
        ]
      }
    },
    {
      "type": "Feature",
      "properties": {
        "id": "814530952",
        "name": "金台铁路头门港支线",
        "railway": "rail",
        "source": "osm"
      },
      "geometry": {
        "type": "LineString",
        "coordinates": [
          [
            121.5575841,
            28.7712064
          ],
          [
            121.5561941,
            28.7709437
          ],
          [
            121.5533693,
            28.7707995
          ],
          [
            121.5515569,
            28.7708866
          ]
        ]
      }
    },
    {
      "type": "Feature",
      "properties": {
        "id": "814530953",
        "name": "金台铁路头门港支线",
        "railway": "rail",
        "source": "osm"
      },
      "geometry": {
        "type": "LineString",
        "coordinates": [
          [
            121.5515569,
            28.7708866
          ],
          [
            121.5510301,
            28.7709307
          ],
          [
            121.5503617,
            28.7709852
          ],
          [
            121.5488486,
            28.7710948
          ],
          [
            121.5463735,
            28.771118
          ],
          [
            121.5401095,
            28.7709686
          ],
          [
            121.5385344,
            28.7710189
          ],
          [
            121.5320327,
            28.7716772
          ],
          [
            121.5280428,
            28.7723709
          ],
          [
            121.5239217,
            28.7732948
          ],
          [
            121.5158107,
            28.7750815
          ],
          [
            121.5092748,
            28.7779693
          ]
        ]
      }
    },
    {
      "type": "Feature",
      "properties": {
        "id": "814530954",
        "name": "金台铁路头门港支线",
        "railway": "rail",
        "source": "osm"
      },
      "geometry": {
        "type": "LineString",
        "coordinates": [
          [
            121.504085,
            28.7799512
          ],
          [
            121.502923,
            28.7802607
          ],
          [
            121.5018314,
            28.7804545
          ],
          [
            121.5007699,
            28.7806086
          ]
        ]
      }
    },
    {
      "type": "Feature",
      "properties": {
        "id": "814530955",
        "name": "金台铁路头门港支线",
        "railway": "rail",
        "source": "osm"
      },
      "geometry": {
        "type": "LineString",
        "coordinates": [
          [
            121.5007699,
            28.7806086
          ],
          [
            121.4974579,
            28.7812811
          ],
          [
            121.4944353,
            28.7818188
          ],
          [
            121.4907482,
            28.7822283
          ],
          [
            121.4845411,
            28.7828881
          ]
        ]
      }
    },
    {
      "type": "Feature",
      "properties": {
        "id": "814530956",
        "name": "金台铁路头门港支线",
        "railway": "rail",
        "source": "osm"
      },
      "geometry": {
        "type": "LineString",
        "coordinates": [
          [
            121.4845411,
            28.7828881
          ],
          [
            121.4802556,
            28.7833335
          ],
          [
            121.4780832,
            28.7835326
          ],
          [
            121.4772026,
            28.783551
          ],
          [
            121.4762165,
            28.7835166
          ]
        ]
      }
    },
    {
      "type": "Feature",
      "properties": {
        "id": "814530960",
        "name": "金台铁路头门港支线",
        "railway": "rail",
        "source": "osm"
      },
      "geometry": {
        "type": "LineString",
        "coordinates": [
          [
            121.4751757,
            28.7834332
          ],
          [
            121.4746137,
            28.7833882
          ],
          [
            121.4727553,
            28.7830938
          ],
          [
            121.4712263,
            28.7827676
          ],
          [
            121.4694859,
            28.7821899
          ],
          [
            121.4693893,
            28.7821567
          ]
        ]
      }
    },
    {
      "type": "Feature",
      "properties": {
        "id": "814530966",
        "name": "金台铁路头门港支线",
        "railway": "rail",
        "source": "osm",
        "ref": "头门港线"
      },
      "geometry": {
        "type": "LineString",
        "coordinates": [
          [
            121.4687692,
            28.7819266
          ],
          [
            121.468622,
            28.7818707
          ]
        ]
      }
    },
    {
      "type": "Feature",
      "properties": {
        "id": "814530967",
        "name": "金台铁路头门港支线",
        "railway": "rail",
        "source": "osm"
      },
      "geometry": {
        "type": "LineString",
        "coordinates": [
          [
            121.468622,
            28.7818707
          ],
          [
            121.4681609,
            28.7817059
          ],
          [
            121.4676281,
            28.7815154
          ],
          [
            121.4579008,
            28.7780381
          ],
          [
            121.4548616,
            28.7768778
          ]
        ]
      }
    },
    {
      "type": "Feature",
      "properties": {
        "id": "814530968",
        "name": "金台铁路头门港支线",
        "railway": "rail",
        "source": "osm"
      },
      "geometry": {
        "type": "LineString",
        "coordinates": [
          [
            121.4692149,
            28.7820961
          ],
          [
            121.4687692,
            28.7819266
          ]
        ]
      }
    },
    {
      "type": "Feature",
      "properties": {
        "id": "814530969",
        "name": "金台铁路头门港支线",
        "railway": "rail",
        "source": "osm"
      },
      "geometry": {
        "type": "LineString",
        "coordinates": [
          [
            121.4693893,
            28.7821567
          ],
          [
            121.4692149,
            28.7820961
          ]
        ]
      }
    },
    {
      "type": "Feature",
      "properties": {
        "id": "814530970",
        "name": "金台铁路头门港支线",
        "railway": "rail",
        "source": "osm"
      },
      "geometry": {
        "type": "LineString",
        "coordinates": [
          [
            121.4548616,
            28.7768778
          ],
          [
            121.4540753,
            28.776574
          ],
          [
            121.4515375,
            28.7754861
          ],
          [
            121.4454796,
            28.7721395
          ]
        ]
      }
    },
    {
      "type": "Feature",
      "properties": {
        "id": "814530971",
        "name": "金台铁路头门港支线",
        "railway": "rail",
        "source": "osm"
      },
      "geometry": {
        "type": "LineString",
        "coordinates": [
          [
            121.4454796,
            28.7721395
          ],
          [
            121.4440144,
            28.7713349
          ]
        ]
      }
    },
    {
      "type": "Feature",
      "properties": {
        "id": "814530972",
        "name": "金台铁路头门港支线",
        "railway": "rail",
        "source": "osm"
      },
      "geometry": {
        "type": "LineString",
        "coordinates": [
          [
            121.4440144,
            28.7713349
          ],
          [
            121.4423785,
            28.7704365
          ]
        ]
      }
    },
    {
      "type": "Feature",
      "properties": {
        "id": "814530973",
        "name": "金台铁路头门港支线",
        "railway": "rail",
        "source": "osm"
      },
      "geometry": {
        "type": "LineString",
        "coordinates": [
          [
            121.4101848,
            28.759286
          ],
          [
            121.4116965,
            28.7601523
          ]
        ]
      }
    },
    {
      "type": "Feature",
      "properties": {
        "id": "814530974",
        "name": "金台铁路头门港支线",
        "railway": "rail",
        "source": "osm"
      },
      "geometry": {
        "type": "LineString",
        "coordinates": [
          [
            121.4116965,
            28.7601523
          ],
          [
            121.4126075,
            28.7606426
          ]
        ]
      }
    },
    {
      "type": "Feature",
      "properties": {
        "id": "814530975",
        "name": "金台铁路头门港支线",
        "railway": "rail",
        "source": "osm"
      },
      "geometry": {
        "type": "LineString",
        "coordinates": [
          [
            121.4073542,
            28.7576754
          ],
          [
            121.4101848,
            28.759286
          ]
        ]
      }
    },
    {
      "type": "Feature",
      "properties": {
        "id": "814530976",
        "name": "金台铁路头门港支线",
        "railway": "rail",
        "source": "osm"
      },
      "geometry": {
        "type": "LineString",
        "coordinates": [
          [
            121.4055856,
            28.756669
          ],
          [
            121.4073542,
            28.7576754
          ]
        ]
      }
    },
    {
      "type": "Feature",
      "properties": {
        "id": "814530977",
        "name": "金台铁路头门港支线",
        "railway": "rail",
        "source": "osm"
      },
      "geometry": {
        "type": "LineString",
        "coordinates": [
          [
            121.4026149,
            28.7549786
          ],
          [
            121.4055856,
            28.756669
          ]
        ]
      }
    },
    {
      "type": "Feature",
      "properties": {
        "id": "814530978",
        "name": "金台铁路头门港支线",
        "railway": "rail",
        "source": "osm",
        "ref": "头门港线"
      },
      "geometry": {
        "type": "LineString",
        "coordinates": [
          [
            121.4025112,
            28.7549197
          ],
          [
            121.4026149,
            28.7549786
          ]
        ]
      }
    },
    {
      "type": "Feature",
      "properties": {
        "id": "814530979",
        "name": "金台铁路头门港支线",
        "railway": "rail",
        "source": "osm"
      },
      "geometry": {
        "type": "LineString",
        "coordinates": [
          [
            121.2873334,
            28.7409154
          ],
          [
            121.287914,
            28.7409446
          ],
          [
            121.2885673,
            28.7409218
          ],
          [
            121.2891045,
            28.7408597
          ],
          [
            121.2902465,
            28.7407509
          ],
          [
            121.2913631,
            28.7406029
          ],
          [
            121.2967558,
            28.7397435
          ],
          [
            121.2999575,
            28.739223
          ],
          [
            121.3004798,
            28.7391194
          ],
          [
            121.3070362,
            28.7379209
          ],
          [
            121.3088295,
            28.7377626
          ],
          [
            121.3100353,
            28.7377096
          ]
        ]
      }
    },
    {
      "type": "Feature",
      "properties": {
        "id": "814530980",
        "name": "金台铁路头门港支线",
        "railway": "rail",
        "source": "osm"
      },
      "geometry": {
        "type": "LineString",
        "coordinates": [
          [
            121.2812935,
            28.7410462
          ],
          [
            121.2873334,
            28.7409154
          ]
        ]
      }
    },
    {
      "type": "Feature",
      "properties": {
        "id": "814530983",
        "name": "金台铁路头门港支线",
        "railway": "rail",
        "source": "osm"
      },
      "geometry": {
        "type": "LineString",
        "coordinates": [
          [
            121.2543782,
            28.7512784
          ],
          [
            121.2497268,
            28.752795
          ]
        ]
      }
    },
    {
      "type": "Feature",
      "properties": {
        "id": "814530984",
        "name": "金台铁路头门港支线",
        "railway": "rail",
        "source": "osm"
      },
      "geometry": {
        "type": "LineString",
        "coordinates": [
          [
            121.2608105,
            28.7491365
          ],
          [
            121.2617864,
            28.7487846
          ],
          [
            121.2626838,
            28.7484123
          ],
          [
            121.2635368,
            28.7480186
          ],
          [
            121.2644286,
            28.7474906
          ],
          [
            121.2652177,
            28.7469465
          ]
        ]
      }
    },
    {
      "type": "Feature",
      "properties": {
        "id": "814530985",
        "name": "金台线",
        "railway": "rail",
        "source": "osm",
        "ref": "0628"
      },
      "geometry": {
        "type": "LineString",
        "coordinates": [
          [
            121.2437407,
            28.7546821
          ],
          [
            121.243204,
            28.7548327
          ],
          [
            121.2429255,
            28.7549108
          ]
        ]
      }
    },
    {
      "type": "Feature",
      "properties": {
        "id": "814530991",
        "name": "金台线",
        "railway": "rail",
        "source": "osm",
        "ref": "0628"
      },
      "geometry": {
        "type": "LineString",
        "coordinates": [
          [
            121.2204289,
            28.7589068
          ],
          [
            121.2199725,
            28.7589574
          ],
          [
            121.2195389,
            28.759023
          ],
          [
            121.2189688,
            28.7591358
          ]
        ]
      }
    },
    {
      "type": "Feature",
      "properties": {
        "id": "814530992",
        "name": "金台线",
        "railway": "rail",
        "source": "osm",
        "ref": "0628"
      },
      "geometry": {
        "type": "LineString",
        "coordinates": [
          [
            121.2212641,
            28.7588469
          ],
          [
            121.2204289,
            28.7589068
          ]
        ]
      }
    },
    {
      "type": "Feature",
      "properties": {
        "id": "814530993",
        "name": "金台线",
        "railway": "rail",
        "source": "osm",
        "ref": "0628"
      },
      "geometry": {
        "type": "LineString",
        "coordinates": [
          [
            121.2180108,
            28.7592984
          ],
          [
            121.2189688,
            28.7591358
          ]
        ]
      }
    },
    {
      "type": "Feature",
      "properties": {
        "id": "814530994",
        "name": "金台线",
        "railway": "rail",
        "source": "osm",
        "ref": "0628"
      },
      "geometry": {
        "type": "LineString",
        "coordinates": [
          [
            121.2091885,
            28.7614009
          ],
          [
            121.2085765,
            28.7616457
          ],
          [
            121.2078363,
            28.7619829
          ],
          [
            121.2063749,
            28.7627369
          ],
          [
            121.187642,
            28.7738727
          ],
          [
            121.1856396,
            28.7746495
          ]
        ]
      }
    },
    {
      "type": "Feature",
      "properties": {
        "id": "814530995",
        "name": "金台线",
        "railway": "rail",
        "source": "osm",
        "ref": "0628"
      },
      "geometry": {
        "type": "LineString",
        "coordinates": [
          [
            121.2098021,
            28.7611708
          ],
          [
            121.2091885,
            28.7614009
          ]
        ]
      }
    },
    {
      "type": "Feature",
      "properties": {
        "id": "814530996",
        "name": "金台线",
        "railway": "rail",
        "source": "osm",
        "ref": "0628"
      },
      "geometry": {
        "type": "LineString",
        "coordinates": [
          [
            121.175628,
            28.7781111
          ],
          [
            121.1736148,
            28.7789499
          ],
          [
            121.1731704,
            28.7791803
          ]
        ]
      }
    },
    {
      "type": "Feature",
      "properties": {
        "id": "814530997",
        "name": "金台线",
        "railway": "rail",
        "source": "osm",
        "ref": "0628"
      },
      "geometry": {
        "type": "LineString",
        "coordinates": [
          [
            121.1731704,
            28.7791803
          ],
          [
            121.1715368,
            28.7800778
          ],
          [
            121.1700891,
            28.7809688
          ],
          [
            121.1689525,
            28.7818207
          ]
        ]
      }
    },
    {
      "type": "Feature",
      "properties": {
        "id": "814530998",
        "name": "金台线",
        "railway": "rail",
        "source": "osm",
        "ref": "0628"
      },
      "geometry": {
        "type": "LineString",
        "coordinates": [
          [
            121.1689525,
            28.7818207
          ],
          [
            121.1684531,
            28.782195
          ]
        ]
      }
    },
    {
      "type": "Feature",
      "properties": {
        "id": "814530999",
        "name": "金台线",
        "railway": "rail",
        "source": "osm",
        "ref": "0628"
      },
      "geometry": {
        "type": "LineString",
        "coordinates": [
          [
            121.1684531,
            28.782195
          ],
          [
            121.1678882,
            28.7826185
          ],
          [
            121.1641374,
            28.7857555
          ],
          [
            121.1640946,
            28.7857891
          ]
        ]
      }
    },
    {
      "type": "Feature",
      "properties": {
        "id": "814531000",
        "name": "金台线",
        "railway": "rail",
        "source": "osm",
        "ref": "0628"
      },
      "geometry": {
        "type": "LineString",
        "coordinates": [
          [
            121.1640946,
            28.7857891
          ],
          [
            121.1639207,
            28.785926
          ]
        ]
      }
    },
    {
      "type": "Feature",
      "properties": {
        "id": "814531001",
        "name": "金台线",
        "railway": "rail",
        "source": "osm",
        "ref": "0628"
      },
      "geometry": {
        "type": "LineString",
        "coordinates": [
          [
            121.1639207,
            28.785926
          ],
          [
            121.1631247,
            28.7864824
          ],
          [
            121.1616085,
            28.7874109
          ]
        ]
      }
    },
    {
      "type": "Feature",
      "properties": {
        "id": "814531004",
        "name": "金台线",
        "railway": "rail",
        "source": "osm",
        "ref": "0628"
      },
      "geometry": {
        "type": "LineString",
        "coordinates": [
          [
            121.1022397,
            28.8291639
          ],
          [
            121.1004879,
            28.8303164
          ]
        ]
      }
    },
    {
      "type": "Feature",
      "properties": {
        "id": "844744416",
        "name": "杭台高速线",
        "railway": "rail",
        "source": "osm",
        "ref": "3108"
      },
      "geometry": {
        "type": "LineString",
        "coordinates": [
          [
            121.2341032,
            28.8578402
          ],
          [
            121.2336204,
            28.8551152
          ],
          [
            121.2334595,
            28.853903
          ],
          [
            121.2331591,
            28.8502475
          ],
          [
            121.2331054,
            28.8492232
          ]
        ]
      }
    },
    {
      "type": "Feature",
      "properties": {
        "id": "844744418",
        "name": "杭台高速线",
        "railway": "rail",
        "source": "osm",
        "ref": "3108"
      },
      "geometry": {
        "type": "LineString",
        "coordinates": [
          [
            121.2331054,
            28.8492232
          ],
          [
            121.2330196,
            28.8477384
          ],
          [
            121.2330526,
            28.8445797
          ],
          [
            121.233224,
            28.8414294
          ]
        ]
      }
    },
    {
      "type": "Feature",
      "properties": {
        "id": "844744419",
        "name": "杭台高速线",
        "railway": "rail",
        "source": "osm",
        "ref": "3108"
      },
      "geometry": {
        "type": "LineString",
        "coordinates": [
          [
            121.233224,
            28.8414294
          ],
          [
            121.2333093,
            28.8403048
          ]
        ]
      }
    },
    {
      "type": "Feature",
      "properties": {
        "id": "844744420",
        "name": "杭台高速线",
        "railway": "rail",
        "source": "osm",
        "ref": "3108"
      },
      "geometry": {
        "type": "LineString",
        "coordinates": [
          [
            121.2333093,
            28.8403048
          ],
          [
            121.2347713,
            28.8315091
          ],
          [
            121.2376223,
            28.822663
          ]
        ]
      }
    },
    {
      "type": "Feature",
      "properties": {
        "id": "844744421",
        "name": "杭台高速线",
        "railway": "rail",
        "source": "osm",
        "ref": "3108"
      },
      "geometry": {
        "type": "LineString",
        "coordinates": [
          [
            121.2376223,
            28.822663
          ],
          [
            121.2382982,
            28.8208113
          ]
        ]
      }
    },
    {
      "type": "Feature",
      "properties": {
        "id": "844744422",
        "name": "杭台高速线",
        "railway": "rail",
        "source": "osm",
        "ref": "3108"
      },
      "geometry": {
        "type": "LineString",
        "coordinates": [
          [
            121.2382982,
            28.8208113
          ],
          [
            121.2390385,
            28.8189783
          ],
          [
            121.2400651,
            28.8167309
          ],
          [
            121.2420816,
            28.8137387
          ],
          [
            121.2440981,
            28.810889
          ],
          [
            121.2482123,
            28.804548
          ],
          [
            121.2509001,
            28.8012221
          ],
          [
            121.2517479,
            28.8003878
          ],
          [
            121.2519572,
            28.8001819
          ]
        ]
      }
    },
    {
      "type": "Feature",
      "properties": {
        "id": "844744423",
        "name": "杭台高速线",
        "railway": "rail",
        "source": "osm",
        "ref": "3108"
      },
      "geometry": {
        "type": "LineString",
        "coordinates": [
          [
            121.2519572,
            28.8001819
          ],
          [
            121.254038,
            28.7980517
          ]
        ]
      }
    },
    {
      "type": "Feature",
      "properties": {
        "id": "844744424",
        "name": "杭台高速线",
        "railway": "rail",
        "source": "osm",
        "ref": "3108"
      },
      "geometry": {
        "type": "LineString",
        "coordinates": [
          [
            121.254038,
            28.7980517
          ],
          [
            121.2546232,
            28.7974919
          ],
          [
            121.2557555,
            28.7965157
          ],
          [
            121.2597349,
            28.7933356
          ],
          [
            121.2638763,
            28.7905525
          ],
          [
            121.2699273,
            28.7866409
          ],
          [
            121.2754634,
            28.7835003
          ],
          [
            121.2819651,
            28.7797577
          ],
          [
            121.2868145,
            28.7776889
          ],
          [
            121.2895954,
            28.7767408
          ],
          [
            121.2929798,
            28.7758491
          ]
        ]
      }
    },
    {
      "type": "Feature",
      "properties": {
        "id": "844744425",
        "name": "杭台高速线",
        "railway": "rail",
        "source": "osm",
        "ref": "3108"
      },
      "geometry": {
        "type": "LineString",
        "coordinates": [
          [
            121.2937144,
            28.775703
          ],
          [
            121.2974725,
            28.7749557
          ],
          [
            121.3084266,
            28.7727739
          ],
          [
            121.3169024,
            28.7707708
          ]
        ]
      }
    },
    {
      "type": "Feature",
      "properties": {
        "id": "844744426",
        "name": "杭台高速线",
        "railway": "rail",
        "source": "osm",
        "ref": "3108"
      },
      "geometry": {
        "type": "LineString",
        "coordinates": [
          [
            121.3219772,
            28.7689933
          ],
          [
            121.3244341,
            28.76794
          ],
          [
            121.3300408,
            28.7650909
          ]
        ]
      }
    },
    {
      "type": "Feature",
      "properties": {
        "id": "844744427",
        "name": "杭台高速线",
        "railway": "rail",
        "source": "osm",
        "ref": "3108"
      },
      "geometry": {
        "type": "LineString",
        "coordinates": [
          [
            121.3169024,
            28.7707708
          ],
          [
            121.3189195,
            28.7701877
          ],
          [
            121.320502,
            28.7695905
          ],
          [
            121.3219772,
            28.7689933
          ]
        ]
      }
    },
    {
      "type": "Feature",
      "properties": {
        "id": "844744428",
        "name": "杭台高速线",
        "railway": "rail",
        "source": "osm",
        "ref": "3108"
      },
      "geometry": {
        "type": "LineString",
        "coordinates": [
          [
            121.3325688,
            28.7636598
          ],
          [
            121.3358066,
            28.761855
          ]
        ]
      }
    },
    {
      "type": "Feature",
      "properties": {
        "id": "844744429",
        "name": "杭台高速线",
        "railway": "rail",
        "source": "osm",
        "ref": "3108"
      },
      "geometry": {
        "type": "LineString",
        "coordinates": [
          [
            121.3304824,
            28.7648665
          ],
          [
            121.3325688,
            28.7636598
          ]
        ]
      }
    },
    {
      "type": "Feature",
      "properties": {
        "id": "844744430",
        "name": "杭台高速线",
        "railway": "rail",
        "source": "osm",
        "ref": "3108"
      },
      "geometry": {
        "type": "LineString",
        "coordinates": [
          [
            121.3358066,
            28.761855
          ],
          [
            121.3376627,
            28.7609051
          ],
          [
            121.3417097,
            28.7588601
          ],
          [
            121.3461299,
            28.7563958
          ],
          [
            121.3520093,
            28.7527275
          ],
          [
            121.354857,
            28.7504135
          ],
          [
            121.3567549,
            28.7481985
          ],
          [
            121.3567841,
            28.7481695
          ]
        ]
      }
    },
    {
      "type": "Feature",
      "properties": {
        "id": "844744431",
        "name": "杭台高速线",
        "railway": "rail",
        "source": "osm",
        "ref": "3108"
      },
      "geometry": {
        "type": "LineString",
        "coordinates": [
          [
            121.3577901,
            28.747172
          ],
          [
            121.3591211,
            28.7458321
          ],
          [
            121.3599274,
            28.7448407
          ]
        ]
      }
    },
    {
      "type": "Feature",
      "properties": {
        "id": "844744432",
        "name": "杭台高速线",
        "railway": "rail",
        "source": "osm",
        "ref": "3108"
      },
      "geometry": {
        "type": "LineString",
        "coordinates": [
          [
            121.3567841,
            28.7481695
          ],
          [
            121.3577901,
            28.747172
          ]
        ]
      }
    },
    {
      "type": "Feature",
      "properties": {
        "id": "844744433",
        "name": "杭台高速线",
        "railway": "rail",
        "source": "osm",
        "ref": "3108"
      },
      "geometry": {
        "type": "LineString",
        "coordinates": [
          [
            121.360483,
            28.7442219
          ],
          [
            121.3611286,
            28.7434751
          ],
          [
            121.3629938,
            28.7411095
          ],
          [
            121.3647086,
            28.7387438
          ]
        ]
      }
    },
    {
      "type": "Feature",
      "properties": {
        "id": "844744434",
        "name": "杭台高速线",
        "railway": "rail",
        "source": "osm",
        "ref": "3108"
      },
      "geometry": {
        "type": "LineString",
        "coordinates": [
          [
            121.3682584,
            28.7326041
          ],
          [
            121.3689957,
            28.7310159
          ],
          [
            121.3709142,
            28.7260414
          ]
        ]
      }
    },
    {
      "type": "Feature",
      "properties": {
        "id": "844744435",
        "name": "杭台高速线",
        "railway": "rail",
        "source": "osm",
        "ref": "3108"
      },
      "geometry": {
        "type": "LineString",
        "coordinates": [
          [
            121.3667419,
            28.7354798
          ],
          [
            121.3675573,
            28.7340297
          ],
          [
            121.3682584,
            28.7326041
          ]
        ]
      }
    },
    {
      "type": "Feature",
      "properties": {
        "id": "844744436",
        "name": "杭台高速线",
        "railway": "rail",
        "source": "osm",
        "ref": "3108"
      },
      "geometry": {
        "type": "LineString",
        "coordinates": [
          [
            121.3730267,
            28.7162593
          ],
          [
            121.3732063,
            28.7137456
          ],
          [
            121.3732285,
            28.7127742
          ],
          [
            121.3732535,
            28.7110103
          ],
          [
            121.3729,
            28.6830329
          ],
          [
            121.3728778,
            28.6817351
          ],
          [
            121.372808,
            28.6800426
          ],
          [
            121.3726727,
            28.6784577
          ],
          [
            121.3725386,
            28.6773169
          ],
          [
            121.3723502,
            28.6759977
          ],
          [
            121.3721458,
            28.6748995
          ],
          [
            121.3709833,
            28.6690498
          ]
        ]
      }
    },
    {
      "type": "Feature",
      "properties": {
        "id": "844744437",
        "name": "杭台高速线",
        "railway": "rail",
        "source": "osm",
        "ref": "3108"
      },
      "geometry": {
        "type": "LineString",
        "coordinates": [
          [
            121.3709142,
            28.7260414
          ],
          [
            121.3714783,
            28.7242273
          ]
        ]
      }
    },
    {
      "type": "Feature",
      "properties": {
        "id": "844744438",
        "name": "杭台高速线",
        "railway": "rail",
        "source": "osm",
        "ref": "3108"
      },
      "geometry": {
        "type": "LineString",
        "coordinates": [
          [
            121.3706696,
            28.6675527
          ],
          [
            121.3704879,
            28.6667113
          ]
        ]
      }
    },
    {
      "type": "Feature",
      "properties": {
        "id": "844744439",
        "name": "杭台高速线",
        "railway": "rail",
        "source": "osm",
        "ref": "3108"
      },
      "geometry": {
        "type": "LineString",
        "coordinates": [
          [
            121.3709833,
            28.6690498
          ],
          [
            121.3706696,
            28.6675527
          ]
        ]
      }
    },
    {
      "type": "Feature",
      "properties": {
        "id": "844744444",
        "name": "杭台高速线",
        "railway": "rail",
        "source": "osm",
        "ref": "3108"
      },
      "geometry": {
        "type": "LineString",
        "coordinates": [
          [
            121.3704879,
            28.6667113
          ],
          [
            121.3703089,
            28.665882
          ],
          [
            121.370231,
            28.6655209
          ],
          [
            121.3698439,
            28.6637269
          ],
          [
            121.3696653,
            28.6628995
          ]
        ]
      }
    },
    {
      "type": "Feature",
      "properties": {
        "id": "844744445",
        "name": "杭台高速线",
        "railway": "rail",
        "source": "osm",
        "ref": "3108"
      },
      "geometry": {
        "type": "LineString",
        "coordinates": [
          [
            121.3695596,
            28.6624709
          ],
          [
            121.3694644,
            28.6620581
          ],
          [
            121.3685184,
            28.6579534
          ],
          [
            121.3676731,
            28.6539928
          ],
          [
            121.3668739,
            28.6502932
          ],
          [
            121.3664772,
            28.6484569
          ],
          [
            121.366337,
            28.6478078
          ],
          [
            121.3656204,
            28.6444923
          ],
          [
            121.3653805,
            28.6434629
          ],
          [
            121.3651647,
            28.642447
          ],
          [
            121.3645676,
            28.6398664
          ],
          [
            121.3641955,
            28.6383872
          ],
          [
            121.3639317,
            28.6373725
          ],
          [
            121.3628463,
            28.634092
          ],
          [
            121.3619685,
            28.6319297
          ],
          [
            121.3605748,
            28.6286654
          ]
        ]
      }
    },
    {
      "type": "Feature",
      "properties": {
        "id": "844744446",
        "name": "杭台高速线",
        "railway": "rail",
        "source": "osm",
        "ref": "3108"
      },
      "geometry": {
        "type": "LineString",
        "coordinates": [
          [
            121.3605748,
            28.6286654
          ],
          [
            121.3597593,
            28.6269099
          ],
          [
            121.358796,
            28.6251696
          ],
          [
            121.3571049,
            28.6226227
          ]
        ]
      }
    },
    {
      "type": "Feature",
      "properties": {
        "id": "844744447",
        "name": "杭台高速线",
        "railway": "rail",
        "source": "osm",
        "ref": "3108"
      },
      "geometry": {
        "type": "LineString",
        "coordinates": [
          [
            121.3560369,
            28.6210602
          ],
          [
            121.3552607,
            28.6199664
          ],
          [
            121.354684,
            28.6191539
          ],
          [
            121.3535995,
            28.6179242
          ]
        ]
      }
    },
    {
      "type": "Feature",
      "properties": {
        "id": "844744448",
        "name": "杭台高速线",
        "railway": "rail",
        "source": "osm",
        "ref": "3108"
      },
      "geometry": {
        "type": "LineString",
        "coordinates": [
          [
            121.3571049,
            28.6226227
          ],
          [
            121.3560369,
            28.6210602
          ]
        ]
      }
    },
    {
      "type": "Feature",
      "properties": {
        "id": "844744449",
        "name": "杭台高速线",
        "railway": "rail",
        "source": "osm",
        "ref": "3108"
      },
      "geometry": {
        "type": "LineString",
        "coordinates": [
          [
            121.3535995,
            28.6179242
          ],
          [
            121.3530928,
            28.6173312
          ],
          [
            121.3530781,
            28.617314
          ]
        ]
      }
    },
    {
      "type": "Feature",
      "properties": {
        "id": "844744450",
        "name": "杭台高速线",
        "railway": "rail",
        "source": "osm",
        "ref": "3108"
      },
      "geometry": {
        "type": "LineString",
        "coordinates": [
          [
            121.3530781,
            28.617314
          ],
          [
            121.351473,
            28.6154651
          ],
          [
            121.3500928,
            28.6138317
          ]
        ]
      }
    },
    {
      "type": "Feature",
      "properties": {
        "id": "844744451",
        "name": "杭台高速线",
        "railway": "rail",
        "source": "osm",
        "ref": "3108"
      },
      "geometry": {
        "type": "LineString",
        "coordinates": [
          [
            121.3477515,
            28.6106544
          ],
          [
            121.346586,
            28.6091735
          ],
          [
            121.344954,
            28.606565
          ],
          [
            121.343063,
            28.60318
          ],
          [
            121.3414995,
            28.5992631
          ],
          [
            121.3410002,
            28.5980125
          ],
          [
            121.340067,
            28.5952813
          ],
          [
            121.3393057,
            28.5929166
          ],
          [
            121.3384216,
            28.5902068
          ],
          [
            121.3370218,
            28.5862894
          ],
          [
            121.3352618,
            28.581085
          ],
          [
            121.3344678,
            28.5782168
          ],
          [
            121.3338947,
            28.5756001
          ],
          [
            121.3336819,
            28.5744139
          ],
          [
            121.3334527,
            28.5727533
          ],
          [
            121.3333053,
            28.5714018
          ],
          [
            121.3332153,
            28.569928
          ],
          [
            121.3331007,
            28.5677784
          ],
          [
            121.3330598,
            28.5647947
          ],
          [
            121.33339,
            28.5611184
          ]
        ]
      }
    },
    {
      "type": "Feature",
      "properties": {
        "id": "844744452",
        "name": "杭台高速线",
        "railway": "rail",
        "source": "osm",
        "ref": "3108"
      },
      "geometry": {
        "type": "LineString",
        "coordinates": [
          [
            121.3487126,
            28.6119738
          ],
          [
            121.3477515,
            28.6106544
          ]
        ]
      }
    },
    {
      "type": "Feature",
      "properties": {
        "id": "844744453",
        "name": "杭台高速线",
        "railway": "rail",
        "source": "osm",
        "ref": "3108"
      },
      "geometry": {
        "type": "LineString",
        "coordinates": [
          [
            121.3500928,
            28.6138317
          ],
          [
            121.3487126,
            28.6119738
          ]
        ]
      }
    },
    {
      "type": "Feature",
      "properties": {
        "id": "844744454",
        "name": "杭台高速线",
        "railway": "rail",
        "source": "osm",
        "ref": "3108"
      },
      "geometry": {
        "type": "LineString",
        "coordinates": [
          [
            121.33339,
            28.5611184
          ],
          [
            121.3335887,
            28.5591746
          ]
        ]
      }
    },
    {
      "type": "Feature",
      "properties": {
        "id": "844744455",
        "name": "杭台高速线",
        "railway": "rail",
        "source": "osm",
        "ref": "3108"
      },
      "geometry": {
        "type": "LineString",
        "coordinates": [
          [
            121.3335887,
            28.5591746
          ],
          [
            121.3339972,
            28.554497
          ]
        ]
      }
    },
    {
      "type": "Feature",
      "properties": {
        "id": "844744456",
        "name": "杭台高速线",
        "railway": "rail",
        "source": "osm",
        "ref": "3108"
      },
      "geometry": {
        "type": "LineString",
        "coordinates": [
          [
            121.3339972,
            28.554497
          ],
          [
            121.3341305,
            28.5521494
          ]
        ]
      }
    },
    {
      "type": "Feature",
      "properties": {
        "id": "844744457",
        "name": "杭台高速线",
        "railway": "rail",
        "source": "osm",
        "ref": "3108"
      },
      "geometry": {
        "type": "LineString",
        "coordinates": [
          [
            121.3342496,
            28.5501441
          ],
          [
            121.3343532,
            28.5480856
          ]
        ]
      }
    },
    {
      "type": "Feature",
      "properties": {
        "id": "844744458",
        "name": "杭台高速线",
        "railway": "rail",
        "source": "osm",
        "ref": "3108"
      },
      "geometry": {
        "type": "LineString",
        "coordinates": [
          [
            121.33422,
            28.5512057
          ],
          [
            121.3342496,
            28.5501441
          ]
        ]
      }
    },
    {
      "type": "Feature",
      "properties": {
        "id": "844744459",
        "name": "杭台高速线",
        "railway": "rail",
        "source": "osm",
        "ref": "3108"
      },
      "geometry": {
        "type": "LineString",
        "coordinates": [
          [
            121.3341305,
            28.5521494
          ],
          [
            121.33422,
            28.5512057
          ]
        ]
      }
    },
    {
      "type": "Feature",
      "properties": {
        "id": "844744460",
        "name": "杭台高速线",
        "railway": "rail",
        "source": "osm",
        "ref": "3108"
      },
      "geometry": {
        "type": "LineString",
        "coordinates": [
          [
            121.3343532,
            28.5480856
          ],
          [
            121.334301,
            28.5440589
          ],
          [
            121.3342004,
            28.5424603
          ],
          [
            121.3340819,
            28.5407734
          ],
          [
            121.333744,
            28.5384284
          ]
        ]
      }
    },
    {
      "type": "Feature",
      "properties": {
        "id": "844744463",
        "name": "杭台高速线",
        "railway": "rail",
        "source": "osm",
        "ref": "3108"
      },
      "geometry": {
        "type": "LineString",
        "coordinates": [
          [
            121.333744,
            28.5384284
          ],
          [
            121.3334256,
            28.5365994
          ],
          [
            121.3329064,
            28.5338811
          ]
        ]
      }
    },
    {
      "type": "Feature",
      "properties": {
        "id": "844744464",
        "name": "杭台高速线",
        "railway": "rail",
        "source": "osm",
        "ref": "3108"
      },
      "geometry": {
        "type": "LineString",
        "coordinates": [
          [
            121.3329064,
            28.5338811
          ],
          [
            121.332595,
            28.5326225
          ],
          [
            121.3319318,
            28.5305274
          ]
        ]
      }
    },
    {
      "type": "Feature",
      "properties": {
        "id": "844744465",
        "name": "杭台高速线",
        "railway": "rail",
        "source": "osm",
        "ref": "3108"
      },
      "geometry": {
        "type": "LineString",
        "coordinates": [
          [
            121.3319318,
            28.5305274
          ],
          [
            121.3314373,
            28.5290195
          ],
          [
            121.3311306,
            28.5280691
          ],
          [
            121.328327,
            28.5185428
          ],
          [
            121.3276997,
            28.5164109
          ],
          [
            121.3273783,
            28.5152519
          ],
          [
            121.3270911,
            28.5141623
          ],
          [
            121.3266714,
            28.5124653
          ]
        ]
      }
    },
    {
      "type": "Feature",
      "properties": {
        "id": "844744466",
        "name": "杭台高速线",
        "railway": "rail",
        "source": "osm",
        "ref": "3108"
      },
      "geometry": {
        "type": "LineString",
        "coordinates": [
          [
            121.3266714,
            28.5124653
          ],
          [
            121.3264994,
            28.5118976
          ],
          [
            121.3258549,
            28.5097706
          ]
        ]
      }
    },
    {
      "type": "Feature",
      "properties": {
        "id": "844744467",
        "name": "杭台高速线",
        "railway": "rail",
        "source": "osm",
        "ref": "3108"
      },
      "geometry": {
        "type": "LineString",
        "coordinates": [
          [
            121.3258549,
            28.5097706
          ],
          [
            121.3251986,
            28.5076508
          ],
          [
            121.3248433,
            28.5064915
          ],
          [
            121.3245467,
            28.5052847
          ],
          [
            121.3242593,
            28.5040923
          ],
          [
            121.3239814,
            28.5028636
          ],
          [
            121.3237164,
            28.5015748
          ],
          [
            121.321593,
            28.4907415
          ],
          [
            121.3214682,
            28.4901047
          ],
          [
            121.3213116,
            28.4893056
          ]
        ]
      }
    },
    {
      "type": "Feature",
      "properties": {
        "id": "852383059",
        "name": "金台线",
        "railway": "rail",
        "source": "osm",
        "ref": "0628"
      },
      "geometry": {
        "type": "LineString",
        "coordinates": [
          [
            121.2852936,
            28.696901
          ],
          [
            121.2854795,
            28.6959101
          ],
          [
            121.2855157,
            28.6957116
          ],
          [
            121.2858431,
            28.6939436
          ],
          [
            121.2858806,
            28.693749
          ],
          [
            121.2877876,
            28.6835007
          ],
          [
            121.2879127,
            28.6828281
          ],
          [
            121.2880721,
            28.6819598
          ],
          [
            121.2884026,
            28.6801669
          ],
          [
            121.2885227,
            28.6794342
          ],
          [
            121.2886232,
            28.6786466
          ]
        ]
      }
    },
    {
      "type": "Feature",
      "properties": {
        "id": "958013573",
        "name": "杭深线",
        "railway": "rail",
        "source": "osm",
        "ref": "3009"
      },
      "geometry": {
        "type": "LineString",
        "coordinates": [
          [
            121.2108666,
            28.3881009
          ],
          [
            121.210627,
            28.3879714
          ]
        ]
      }
    },
    {
      "type": "Feature",
      "properties": {
        "id": "958013574",
        "name": "杭深线",
        "railway": "rail",
        "source": "osm",
        "ref": "3009"
      },
      "geometry": {
        "type": "LineString",
        "coordinates": [
          [
            121.2132233,
            28.389374
          ],
          [
            121.2108666,
            28.3881009
          ]
        ]
      }
    },
    {
      "type": "Feature",
      "properties": {
        "id": "958114961",
        "name": "杭深线",
        "railway": "rail",
        "source": "osm",
        "ref": "3009"
      },
      "geometry": {
        "type": "LineString",
        "coordinates": [
          [
            121.1219501,
            28.3254765
          ],
          [
            121.1208209,
            28.3246265
          ]
        ]
      }
    },
    {
      "type": "Feature",
      "properties": {
        "id": "958114962",
        "name": "杭深线",
        "railway": "rail",
        "source": "osm",
        "ref": "3009"
      },
      "geometry": {
        "type": "LineString",
        "coordinates": [
          [
            121.1208209,
            28.3246265
          ],
          [
            121.1198902,
            28.3239488
          ],
          [
            121.1182594,
            28.3227612
          ]
        ]
      }
    },
    {
      "type": "Feature",
      "properties": {
        "id": "958114963",
        "name": "杭深线",
        "railway": "rail",
        "source": "osm",
        "ref": "3009"
      },
      "geometry": {
        "type": "LineString",
        "coordinates": [
          [
            121.1182594,
            28.3227612
          ],
          [
            121.1006511,
            28.306663
          ]
        ]
      }
    },
    {
      "type": "Feature",
      "properties": {
        "id": "959415163",
        "name": "金台线",
        "railway": "rail",
        "source": "osm",
        "ref": "0628"
      },
      "geometry": {
        "type": "LineString",
        "coordinates": [
          [
            121.2852401,
            28.6972343
          ],
          [
            121.2852936,
            28.696901
          ]
        ]
      }
    },
    {
      "type": "Feature",
      "properties": {
        "id": "959665717",
        "name": "金台铁路头门港支线",
        "railway": "rail",
        "source": "osm"
      },
      "geometry": {
        "type": "LineString",
        "coordinates": [
          [
            121.3309862,
            28.7390687
          ],
          [
            121.33151,
            28.73914
          ]
        ]
      }
    },
    {
      "type": "Feature",
      "properties": {
        "id": "967964027",
        "name": "",
        "railway": "rail",
        "source": "osm"
      },
      "geometry": {
        "type": "LineString",
        "coordinates": [
          [
            121.2844478,
            28.7041273
          ],
          [
            121.2854053,
            28.6988096
          ],
          [
            121.2854777,
            28.6984203
          ],
          [
            121.2854987,
            28.6974903
          ],
          [
            121.2854978,
            28.6972925
          ],
          [
            121.2854976,
            28.6972667
          ]
        ]
      }
    },
    {
      "type": "Feature",
      "properties": {
        "id": "967964028",
        "name": "",
        "railway": "rail",
        "source": "osm"
      },
      "geometry": {
        "type": "LineString",
        "coordinates": [
          [
            121.2854913,
            28.6969818
          ],
          [
            121.2854918,
            28.6969658
          ],
          [
            121.285494,
            28.6969003
          ],
          [
            121.2855544,
            28.6961549
          ],
          [
            121.2855832,
            28.6957809
          ],
          [
            121.2856309,
            28.6954071
          ],
          [
            121.2857156,
            28.6949276
          ]
        ]
      }
    },
    {
      "type": "Feature",
      "properties": {
        "id": "967964029",
        "name": "",
        "railway": "rail",
        "source": "osm"
      },
      "geometry": {
        "type": "LineString",
        "coordinates": [
          [
            121.2854976,
            28.6972667
          ],
          [
            121.2854913,
            28.6969818
          ]
        ]
      }
    },
    {
      "type": "Feature",
      "properties": {
        "id": "967964030",
        "name": "",
        "railway": "rail",
        "source": "osm"
      },
      "geometry": {
        "type": "LineString",
        "coordinates": [
          [
            121.2854978,
            28.6972925
          ],
          [
            121.2855237,
            28.6974159
          ],
          [
            121.2856179,
            28.697863
          ],
          [
            121.2857493,
            28.6982629
          ],
          [
            121.2857747,
            28.6983531
          ],
          [
            121.2858526,
            28.69863
          ],
          [
            121.2859344,
            28.6989582
          ],
          [
            121.2859639,
            28.6992734
          ],
          [
            121.2859652,
            28.6994699
          ],
          [
            121.2859201,
            28.699699
          ],
          [
            121.2858663,
            28.7000417
          ],
          [
            121.285833,
            28.7001978
          ],
          [
            121.2853431,
            28.7029149
          ]
        ]
      }
    },
    {
      "type": "Feature",
      "properties": {
        "id": "967964031",
        "name": "",
        "railway": "rail",
        "source": "osm"
      },
      "geometry": {
        "type": "LineString",
        "coordinates": [
          [
            121.2856179,
            28.697863
          ],
          [
            121.2856796,
            28.6982641
          ],
          [
            121.2857158,
            28.6986006
          ],
          [
            121.2857185,
            28.6989335
          ],
          [
            121.2856742,
            28.6992534
          ],
          [
            121.2847891,
            28.7041752
          ]
        ]
      }
    },
    {
      "type": "Feature",
      "properties": {
        "id": "967964032",
        "name": "",
        "railway": "rail",
        "source": "osm"
      },
      "geometry": {
        "type": "LineString",
        "coordinates": [
          [
            121.2847086,
            28.7041658
          ],
          [
            121.2855817,
            28.6992276
          ],
          [
            121.2856219,
            28.6990217
          ],
          [
            121.2856407,
            28.6988547
          ],
          [
            121.2856433,
            28.6985935
          ],
          [
            121.2856192,
            28.6982747
          ],
          [
            121.2855709,
            28.6978747
          ],
          [
            121.2855237,
            28.6974159
          ]
        ]
      }
    },
    {
      "type": "Feature",
      "properties": {
        "id": "967964033",
        "name": "",
        "railway": "rail",
        "source": "osm"
      },
      "geometry": {
        "type": "LineString",
        "coordinates": [
          [
            121.2854777,
            28.6984203
          ],
          [
            121.2854838,
            28.6986782
          ],
          [
            121.2854288,
            28.6990111
          ],
          [
            121.284498,
            28.7041364
          ]
        ]
      }
    },
    {
      "type": "Feature",
      "properties": {
        "id": "967964034",
        "name": "",
        "railway": "rail",
        "source": "osm"
      },
      "geometry": {
        "type": "LineString",
        "coordinates": [
          [
            121.2845678,
            28.7041423
          ],
          [
            121.2854717,
            28.6991523
          ],
          [
            121.2855173,
            28.6987723
          ],
          [
            121.2855334,
            28.6984547
          ],
          [
            121.285528,
            28.6981077
          ],
          [
            121.2854987,
            28.6974903
          ]
        ]
      }
    },
    {
      "type": "Feature",
      "properties": {
        "id": "967964035",
        "name": "",
        "railway": "rail",
        "source": "osm"
      },
      "geometry": {
        "type": "LineString",
        "coordinates": [
          [
            121.285528,
            28.6981077
          ],
          [
            121.285583,
            28.6985982
          ],
          [
            121.285575,
            28.6988358
          ],
          [
            121.2855361,
            28.6991923
          ],
          [
            121.284641,
            28.704155
          ]
        ]
      }
    },
    {
      "type": "Feature",
      "properties": {
        "id": "1023094310",
        "name": "",
        "railway": "rail",
        "source": "osm"
      },
      "geometry": {
        "type": "LineString",
        "coordinates": [
          [
            121.3691876,
            28.6598553
          ],
          [
            121.3690051,
            28.6580066
          ],
          [
            121.3689141,
            28.6574252
          ],
          [
            121.3682396,
            28.6542667
          ],
          [
            121.3680761,
            28.6536909
          ],
          [
            121.3679346,
            28.6532818
          ],
          [
            121.3674791,
            28.6520271
          ]
        ]
      }
    },
    {
      "type": "Feature",
      "properties": {
        "id": "1023094311",
        "name": "",
        "railway": "rail",
        "source": "osm"
      },
      "geometry": {
        "type": "LineString",
        "coordinates": [
          [
            121.369609,
            28.662158
          ],
          [
            121.3691876,
            28.6598553
          ],
          [
            121.3690189,
            28.6587067
          ],
          [
            121.3688956,
            28.6580006
          ],
          [
            121.3685995,
            28.6567425
          ],
          [
            121.3680135,
            28.6539486
          ],
          [
            121.3678916,
            28.6534156
          ],
          [
            121.3677575,
            28.6529222
          ],
          [
            121.3674791,
            28.6520271
          ],
          [
            121.3669929,
            28.6502793
          ]
        ]
      }
    },
    {
      "type": "Feature",
      "properties": {
        "id": "1023094312",
        "name": "",
        "railway": "rail",
        "source": "osm"
      },
      "geometry": {
        "type": "LineString",
        "coordinates": [
          [
            121.369084,
            28.6598574
          ],
          [
            121.3688319,
            28.6581894
          ],
          [
            121.3687556,
            28.6577563
          ],
          [
            121.3679441,
            28.654073
          ],
          [
            121.3678414,
            28.6536686
          ],
          [
            121.3673798,
            28.6520617
          ]
        ]
      }
    },
    {
      "type": "Feature",
      "properties": {
        "id": "1023094313",
        "name": "",
        "railway": "rail",
        "source": "osm"
      },
      "geometry": {
        "type": "LineString",
        "coordinates": [
          [
            121.3696762,
            28.6624525
          ],
          [
            121.369609,
            28.662158
          ],
          [
            121.3692693,
            28.6606696
          ],
          [
            121.369084,
            28.6598574
          ],
          [
            121.3686545,
            28.6579755
          ],
          [
            121.3677945,
            28.6539726
          ],
          [
            121.3673798,
            28.6520617
          ]
        ]
      }
    },
    {
      "type": "Feature",
      "properties": {
        "id": "1023094315",
        "name": "",
        "railway": "rail",
        "source": "osm"
      },
      "geometry": {
        "type": "LineString",
        "coordinates": [
          [
            121.3694979,
            28.6624819
          ],
          [
            121.3694297,
            28.6621859
          ],
          [
            121.3690915,
            28.6607177
          ],
          [
            121.3689009,
            28.6598902
          ],
          [
            121.3684562,
            28.6579597
          ],
          [
            121.3676143,
            28.6540027
          ],
          [
            121.3671995,
            28.6520869
          ]
        ]
      }
    },
    {
      "type": "Feature",
      "properties": {
        "id": "1023094316",
        "name": "",
        "railway": "rail",
        "source": "osm"
      },
      "geometry": {
        "type": "LineString",
        "coordinates": [
          [
            121.3694297,
            28.6621859
          ],
          [
            121.3687577,
            28.6599118
          ]
        ]
      }
    },
    {
      "type": "Feature",
      "properties": {
        "id": "1023094318",
        "name": "",
        "railway": "rail",
        "source": "osm"
      },
      "geometry": {
        "type": "LineString",
        "coordinates": [
          [
            121.3689009,
            28.6598902
          ],
          [
            121.3684973,
            28.6585992
          ],
          [
            121.3683329,
            28.6580211
          ],
          [
            121.3675115,
            28.6541414
          ],
          [
            121.3674294,
            28.6536517
          ],
          [
            121.3671995,
            28.6520869
          ]
        ]
      }
    },
    {
      "type": "Feature",
      "properties": {
        "id": "1023094320",
        "name": "",
        "railway": "rail",
        "source": "osm"
      },
      "geometry": {
        "type": "LineString",
        "coordinates": [
          [
            121.3687577,
            28.6599118
          ],
          [
            121.3685317,
            28.6591157
          ],
          [
            121.3683837,
            28.6585755
          ],
          [
            121.368255,
            28.6580425
          ],
          [
            121.3673962,
            28.6540539
          ],
          [
            121.3672557,
            28.6533911
          ],
          [
            121.3670807,
            28.6520947
          ]
        ]
      }
    },
    {
      "type": "Feature",
      "properties": {
        "id": "1023094321",
        "name": "",
        "railway": "rail",
        "source": "osm"
      },
      "geometry": {
        "type": "LineString",
        "coordinates": [
          [
            121.3687577,
            28.6599118
          ],
          [
            121.3683061,
            28.6585892
          ],
          [
            121.3681446,
            28.6580777
          ],
          [
            121.3679823,
            28.6574855
          ],
          [
            121.3673569,
            28.6545513
          ],
          [
            121.3672626,
            28.65402
          ],
          [
            121.3671853,
            28.6534078
          ],
          [
            121.3670807,
            28.6520947
          ]
        ]
      }
    },
    {
      "type": "Feature",
      "properties": {
        "id": "1040675444",
        "name": "金台铁路头门港支线",
        "railway": "rail",
        "source": "osm"
      },
      "geometry": {
        "type": "LineString",
        "coordinates": [
          [
            121.6496227,
            28.7563761
          ],
          [
            121.6433245,
            28.7575837
          ]
        ]
      }
    },
    {
      "type": "Feature",
      "properties": {
        "id": "1040675445",
        "name": "金台铁路头门港支线",
        "railway": "rail",
        "source": "osm"
      },
      "geometry": {
        "type": "LineString",
        "coordinates": [
          [
            121.6502913,
            28.7562479
          ],
          [
            121.6496227,
            28.7563761
          ]
        ]
      }
    },
    {
      "type": "Feature",
      "properties": {
        "id": "1040820215",
        "name": "台州市域铁路S1线",
        "railway": "subway",
        "source": "osm"
      },
      "geometry": {
        "type": "LineString",
        "coordinates": [
          [
            121.4068013,
            28.6381453
          ],
          [
            121.4068555,
            28.6379476
          ],
          [
            121.4069377,
            28.6375667
          ],
          [
            121.4069663,
            28.6373741
          ],
          [
            121.4069447,
            28.6369262
          ],
          [
            121.4068802,
            28.6365444
          ],
          [
            121.4067984,
            28.6362264
          ],
          [
            121.4066845,
            28.6359367
          ],
          [
            121.406492,
            28.6355462
          ],
          [
            121.406282,
            28.6351838
          ]
        ]
      }
    },
    {
      "type": "Feature",
      "properties": {
        "id": "1040822180",
        "name": "杭台高速线",
        "railway": "rail",
        "source": "osm",
        "ref": "3108"
      },
      "geometry": {
        "type": "LineString",
        "coordinates": [
          [
            121.3212703,
            28.4893136
          ],
          [
            121.3209664,
            28.4877848
          ],
          [
            121.3209016,
            28.4874589
          ],
          [
            121.3190972,
            28.4783809
          ],
          [
            121.3187023,
            28.4763944
          ],
          [
            121.3186502,
            28.4761322
          ],
          [
            121.318212,
            28.4739275
          ],
          [
            121.3177738,
            28.4717229
          ]
        ]
      }
    },
    {
      "type": "Feature",
      "properties": {
        "id": "1040825674",
        "name": "温岭北联络线",
        "railway": "rail",
        "source": "osm",
        "ref": "7612"
      },
      "geometry": {
        "type": "LineString",
        "coordinates": [
          [
            121.328327,
            28.5185428
          ],
          [
            121.3268832,
            28.5123798
          ]
        ]
      }
    },
    {
      "type": "Feature",
      "properties": {
        "id": "1040825675",
        "name": "温岭北联络线",
        "railway": "rail",
        "source": "osm",
        "ref": "7612"
      },
      "geometry": {
        "type": "LineString",
        "coordinates": [
          [
            121.3268832,
            28.5123798
          ],
          [
            121.3262308,
            28.5099761
          ]
        ]
      }
    },
    {
      "type": "Feature",
      "properties": {
        "id": "1040825676",
        "name": "温岭北联络线",
        "railway": "rail",
        "source": "osm",
        "ref": "7612"
      },
      "geometry": {
        "type": "LineString",
        "coordinates": [
          [
            121.3260743,
            28.5095175
          ],
          [
            121.3257931,
            28.5086695
          ],
          [
            121.3255399,
            28.5078321
          ],
          [
            121.3253205,
            28.5070146
          ],
          [
            121.3251564,
            28.5063178
          ],
          [
            121.3250186,
            28.5055933
          ],
          [
            121.3248958,
            28.504839
          ],
          [
            121.3247923,
            28.5040061
          ],
          [
            121.3246008,
            28.502423
          ],
          [
            121.3245134,
            28.5016645
          ],
          [
            121.3244053,
            28.500782
          ],
          [
            121.3242758,
            28.4999499
          ],
          [
            121.3241439,
            28.4991973
          ],
          [
            121.3239993,
            28.4984281
          ],
          [
            121.3229654,
            28.493334
          ],
          [
            121.322803,
            28.4925699
          ],
          [
            121.3226256,
            28.4917959
          ],
          [
            121.3224833,
            28.4912053
          ],
          [
            121.3218309,
            28.4886833
          ]
        ]
      }
    },
    {
      "type": "Feature",
      "properties": {
        "id": "1040825678",
        "name": "温岭北联络线",
        "railway": "rail",
        "source": "osm",
        "ref": "7612"
      },
      "geometry": {
        "type": "LineString",
        "coordinates": [
          [
            121.3262308,
            28.5099761
          ],
          [
            121.3260743,
            28.5095175
          ]
        ]
      }
    },
    {
      "type": "Feature",
      "properties": {
        "id": "1040825683",
        "name": "杭台高速线",
        "railway": "rail",
        "source": "osm",
        "ref": "3108"
      },
      "geometry": {
        "type": "LineString",
        "coordinates": [
          [
            121.3213116,
            28.4893056
          ],
          [
            121.3212745,
            28.4891178
          ],
          [
            121.3210865,
            28.4881669
          ],
          [
            121.3191505,
            28.4783731
          ],
          [
            121.318757,
            28.4763827
          ],
          [
            121.318706,
            28.4761248
          ],
          [
            121.3180405,
            28.4727577
          ],
          [
            121.3178343,
            28.4717147
          ]
        ]
      }
    },
    {
      "type": "Feature",
      "properties": {
        "id": "1040825695",
        "name": "",
        "railway": "rail",
        "source": "osm"
      },
      "geometry": {
        "type": "LineString",
        "coordinates": [
          [
            121.317252,
            28.4705716
          ],
          [
            121.3168648,
            28.4692503
          ]
        ]
      }
    },
    {
      "type": "Feature",
      "properties": {
        "id": "1040825696",
        "name": "",
        "railway": "rail",
        "source": "osm"
      },
      "geometry": {
        "type": "LineString",
        "coordinates": [
          [
            121.317985,
            28.4730667
          ],
          [
            121.3176092,
            28.4717474
          ]
        ]
      }
    },
    {
      "type": "Feature",
      "properties": {
        "id": "1040825697",
        "name": "杭台高速线",
        "railway": "rail",
        "source": "osm",
        "ref": "3108"
      },
      "geometry": {
        "type": "LineString",
        "coordinates": [
          [
            121.3177738,
            28.4717229
          ],
          [
            121.3175235,
            28.4704635
          ]
        ]
      }
    },
    {
      "type": "Feature",
      "properties": {
        "id": "1040825698",
        "name": "杭台高速线",
        "railway": "rail",
        "source": "osm",
        "ref": "3108"
      },
      "geometry": {
        "type": "LineString",
        "coordinates": [
          [
            121.3178343,
            28.4717147
          ],
          [
            121.3175862,
            28.4704591
          ]
        ]
      }
    },
    {
      "type": "Feature",
      "properties": {
        "id": "1040825699",
        "name": "杭台高速线",
        "railway": "rail",
        "source": "osm",
        "ref": "3108"
      },
      "geometry": {
        "type": "LineString",
        "coordinates": [
          [
            121.3175235,
            28.4704635
          ],
          [
            121.3173698,
            28.4696901
          ]
        ]
      }
    },
    {
      "type": "Feature",
      "properties": {
        "id": "1040825700",
        "name": "杭台高速线",
        "railway": "rail",
        "source": "osm",
        "ref": "3108"
      },
      "geometry": {
        "type": "LineString",
        "coordinates": [
          [
            121.3175862,
            28.4704591
          ],
          [
            121.3174322,
            28.4696802
          ]
        ]
      }
    },
    {
      "type": "Feature",
      "properties": {
        "id": "1040825703",
        "name": "",
        "railway": "rail",
        "source": "osm"
      },
      "geometry": {
        "type": "LineString",
        "coordinates": [
          [
            121.3187809,
            28.4761782
          ],
          [
            121.3186735,
            28.4752725
          ],
          [
            121.3186573,
            28.4749852
          ],
          [
            121.3186557,
            28.4745137
          ],
          [
            121.318624,
            28.474164
          ],
          [
            121.3185853,
            28.4738509
          ],
          [
            121.3184356,
            28.4729334
          ],
          [
            121.3183127,
            28.4723032
          ]
        ]
      }
    },
    {
      "type": "Feature",
      "properties": {
        "id": "1040825704",
        "name": "",
        "railway": "rail",
        "source": "osm"
      },
      "geometry": {
        "type": "LineString",
        "coordinates": [
          [
            121.3178188,
            28.4703479
          ],
          [
            121.3177737,
            28.4700705
          ],
          [
            121.317693,
            28.4695174
          ],
          [
            121.3175586,
            28.4688366
          ]
        ]
      }
    },
    {
      "type": "Feature",
      "properties": {
        "id": "1040825705",
        "name": "",
        "railway": "rail",
        "source": "osm"
      },
      "geometry": {
        "type": "LineString",
        "coordinates": [
          [
            121.318141,
            28.4716577
          ],
          [
            121.3179834,
            28.4711578
          ],
          [
            121.3178812,
            28.4707323
          ],
          [
            121.3178188,
            28.4703479
          ]
        ]
      }
    },
    {
      "type": "Feature",
      "properties": {
        "id": "1040825706",
        "name": "",
        "railway": "rail",
        "source": "osm"
      },
      "geometry": {
        "type": "LineString",
        "coordinates": [
          [
            121.315605,
            28.4665632
          ],
          [
            121.3153995,
            28.4663225
          ],
          [
            121.3149737,
            28.4658467
          ],
          [
            121.3145539,
            28.4654598
          ],
          [
            121.3141949,
            28.4652033
          ],
          [
            121.313911,
            28.4650161
          ],
          [
            121.3135704,
            28.4648477
          ],
          [
            121.3132262,
            28.464698
          ],
          [
            121.3128821,
            28.4645576
          ],
          [
            121.3125592,
            28.4644671
          ],
          [
            121.3122328,
            28.4643954
          ],
          [
            121.3117999,
            28.4643237
          ],
          [
            121.3114416,
            28.4642831
          ],
          [
            121.3110016,
            28.4642706
          ],
          [
            121.3106113,
            28.4642862
          ],
          [
            121.3102565,
            28.4643237
          ],
          [
            121.3099691,
            28.4643704
          ],
          [
            121.3096498,
            28.4644484
          ],
          [
            121.3092169,
            28.4645732
          ],
          [
            121.3089082,
            28.4647073
          ],
          [
            121.3085463,
            28.4648601
          ],
          [
            121.3082412,
            28.4650286
          ],
          [
            121.307858,
            28.4652719
          ],
          [
            121.3069862,
            28.4658603
          ]
        ]
      }
    },
    {
      "type": "Feature",
      "properties": {
        "id": "1040825707",
        "name": "",
        "railway": "rail",
        "source": "osm"
      },
      "geometry": {
        "type": "LineString",
        "coordinates": [
          [
            121.3163482,
            28.4676552
          ],
          [
            121.3162795,
            28.4674984
          ],
          [
            121.3161943,
            28.4673378
          ],
          [
            121.3161021,
            28.4671959
          ],
          [
            121.3157792,
            28.4667654
          ]
        ]
      }
    },
    {
      "type": "Feature",
      "properties": {
        "id": "1040825708",
        "name": "",
        "railway": "rail",
        "source": "osm"
      },
      "geometry": {
        "type": "LineString",
        "coordinates": [
          [
            121.3164646,
            28.4680147
          ],
          [
            121.3163482,
            28.4676552
          ]
        ]
      }
    },
    {
      "type": "Feature",
      "properties": {
        "id": "1040825709",
        "name": "",
        "railway": "rail",
        "source": "osm"
      },
      "geometry": {
        "type": "LineString",
        "coordinates": [
          [
            121.3168648,
            28.4692503
          ],
          [
            121.3168025,
            28.469058
          ],
          [
            121.3164646,
            28.4680147
          ]
        ]
      }
    },
    {
      "type": "Feature",
      "properties": {
        "id": "1040825710",
        "name": "",
        "railway": "rail",
        "source": "osm"
      },
      "geometry": {
        "type": "LineString",
        "coordinates": [
          [
            121.3169963,
            28.4674018
          ],
          [
            121.3169509,
            28.467319
          ],
          [
            121.3167492,
            28.4670259
          ],
          [
            121.3164964,
            28.4667328
          ],
          [
            121.3162706,
            28.4665106
          ],
          [
            121.3160501,
            28.4663144
          ],
          [
            121.3158081,
            28.4661442
          ]
        ]
      }
    },
    {
      "type": "Feature",
      "properties": {
        "id": "1040825711",
        "name": "",
        "railway": "rail",
        "source": "osm"
      },
      "geometry": {
        "type": "LineString",
        "coordinates": [
          [
            121.3175586,
            28.4688366
          ],
          [
            121.3174483,
            28.4684442
          ],
          [
            121.3173381,
            28.4681086
          ],
          [
            121.317174,
            28.4677256
          ],
          [
            121.3169963,
            28.4674018
          ]
        ]
      }
    },
    {
      "type": "Feature",
      "properties": {
        "id": "1040825712",
        "name": "",
        "railway": "rail",
        "source": "osm"
      },
      "geometry": {
        "type": "LineString",
        "coordinates": [
          [
            121.3157792,
            28.4667654
          ],
          [
            121.315605,
            28.4665632
          ]
        ]
      }
    },
    {
      "type": "Feature",
      "properties": {
        "id": "1040825713",
        "name": "",
        "railway": "rail",
        "source": "osm"
      },
      "geometry": {
        "type": "LineString",
        "coordinates": [
          [
            121.3158081,
            28.4661442
          ],
          [
            121.3152664,
            28.4657803
          ],
          [
            121.3144078,
            28.46525
          ],
          [
            121.313943,
            28.4649787
          ],
          [
            121.3135704,
            28.4647946
          ],
          [
            121.3132404,
            28.4646512
          ],
          [
            121.3129176,
            28.4645358
          ],
          [
            121.3125344,
            28.4644235
          ],
          [
            121.3122789,
            28.464358
          ],
          [
            121.3118567,
            28.4642831
          ],
          [
            121.3115019,
            28.4642426
          ],
          [
            121.3110584,
            28.464227
          ],
          [
            121.3106645,
            28.4642394
          ],
          [
            121.3103665,
            28.4642737
          ],
          [
            121.3099478,
            28.4643299
          ],
          [
            121.309632,
            28.4644048
          ],
          [
            121.3093482,
            28.4644765
          ],
          [
            121.308965,
            28.4646262
          ],
          [
            121.3086954,
            28.4647447
          ],
          [
            121.3083583,
            28.4649007
          ],
          [
            121.308156,
            28.4650099
          ],
          [
            121.3077906,
            28.46525
          ],
          [
            121.3072235,
            28.4656335
          ],
          [
            121.3070432,
            28.4657555
          ],
          [
            121.3069531,
            28.4658164
          ]
        ]
      }
    },
    {
      "type": "Feature",
      "properties": {
        "id": "1040825714",
        "name": "",
        "railway": "rail",
        "source": "osm"
      },
      "geometry": {
        "type": "LineString",
        "coordinates": [
          [
            121.3064361,
            28.466197
          ],
          [
            121.306222,
            28.4663358
          ],
          [
            121.305896,
            28.4664755
          ],
          [
            121.3049423,
            28.4667908
          ],
          [
            121.3037359,
            28.467038
          ],
          [
            121.3024072,
            28.46721
          ]
        ]
      }
    },
    {
      "type": "Feature",
      "properties": {
        "id": "1040825715",
        "name": "",
        "railway": "rail",
        "source": "osm"
      },
      "geometry": {
        "type": "LineString",
        "coordinates": [
          [
            121.3064033,
            28.4661546
          ],
          [
            121.3061639,
            28.4662918
          ],
          [
            121.3058837,
            28.4664146
          ],
          [
            121.3053254,
            28.4666045
          ],
          [
            121.3047996,
            28.4667478
          ],
          [
            121.303797,
            28.4669735
          ],
          [
            121.3027985,
            28.4671204
          ],
          [
            121.302395,
            28.4671563
          ]
        ]
      }
    },
    {
      "type": "Feature",
      "properties": {
        "id": "1040825716",
        "name": "",
        "railway": "rail",
        "source": "osm"
      },
      "geometry": {
        "type": "LineString",
        "coordinates": [
          [
            121.3003087,
            28.467494
          ],
          [
            121.3001207,
            28.4675325
          ],
          [
            121.2993749,
            28.4677582
          ],
          [
            121.2978995,
            28.4682275
          ],
          [
            121.2971333,
            28.4683852
          ],
          [
            121.2930617,
            28.4689405
          ],
          [
            121.2904777,
            28.4693418
          ]
        ]
      }
    },
    {
      "type": "Feature",
      "properties": {
        "id": "1040825717",
        "name": "",
        "railway": "rail",
        "source": "osm"
      },
      "geometry": {
        "type": "LineString",
        "coordinates": [
          [
            121.3003001,
            28.4675575
          ],
          [
            121.2999903,
            28.4676364
          ],
          [
            121.2990081,
            28.4679409
          ],
          [
            121.2980585,
            28.468249
          ],
          [
            121.2975449,
            28.4683744
          ],
          [
            121.2970069,
            28.468464
          ],
          [
            121.2904899,
            28.4694027
          ]
        ]
      }
    },
    {
      "type": "Feature",
      "properties": {
        "id": "1040825718",
        "name": "",
        "railway": "rail",
        "source": "osm"
      },
      "geometry": {
        "type": "LineString",
        "coordinates": [
          [
            121.3069862,
            28.4658603
          ],
          [
            121.3069107,
            28.4659113
          ],
          [
            121.3064361,
            28.466197
          ]
        ]
      }
    },
    {
      "type": "Feature",
      "properties": {
        "id": "1040825719",
        "name": "",
        "railway": "rail",
        "source": "osm"
      },
      "geometry": {
        "type": "LineString",
        "coordinates": [
          [
            121.3069531,
            28.4658164
          ],
          [
            121.3069142,
            28.4658427
          ],
          [
            121.3064033,
            28.4661546
          ]
        ]
      }
    },
    {
      "type": "Feature",
      "properties": {
        "id": "1040825721",
        "name": "",
        "railway": "rail",
        "source": "osm"
      },
      "geometry": {
        "type": "LineString",
        "coordinates": [
          [
            121.3024072,
            28.46721
          ],
          [
            121.3014902,
            28.4673533
          ],
          [
            121.3006949,
            28.4674898
          ]
        ]
      }
    },
    {
      "type": "Feature",
      "properties": {
        "id": "1040825722",
        "name": "",
        "railway": "rail",
        "source": "osm"
      },
      "geometry": {
        "type": "LineString",
        "coordinates": [
          [
            121.3006949,
            28.4674898
          ],
          [
            121.3003001,
            28.4675575
          ]
        ]
      }
    },
    {
      "type": "Feature",
      "properties": {
        "id": "1040825723",
        "name": "",
        "railway": "rail",
        "source": "osm"
      },
      "geometry": {
        "type": "LineString",
        "coordinates": [
          [
            121.302395,
            28.4671563
          ],
          [
            121.3006995,
            28.467425
          ]
        ]
      }
    },
    {
      "type": "Feature",
      "properties": {
        "id": "1040825724",
        "name": "",
        "railway": "rail",
        "source": "osm"
      },
      "geometry": {
        "type": "LineString",
        "coordinates": [
          [
            121.3006995,
            28.467425
          ],
          [
            121.3004265,
            28.4674732
          ],
          [
            121.3003087,
            28.467494
          ]
        ]
      }
    },
    {
      "type": "Feature",
      "properties": {
        "id": "1070491970",
        "name": "台州市域铁路S1线",
        "railway": "subway",
        "source": "osm"
      },
      "geometry": {
        "type": "LineString",
        "coordinates": [
          [
            121.4106705,
            28.3178986
          ],
          [
            121.410465,
            28.3133002
          ],
          [
            121.4105293,
            28.3127901
          ],
          [
            121.4107225,
            28.3121289
          ],
          [
            121.4110658,
            28.3115433
          ],
          [
            121.4115271,
            28.3108255
          ],
          [
            121.4118032,
            28.3102549
          ],
          [
            121.4119396,
            28.3096079
          ]
        ]
      }
    },
    {
      "type": "Feature",
      "properties": {
        "id": "1070822725",
        "name": "杭台高速线",
        "railway": "rail",
        "source": "osm",
        "ref": "3108"
      },
      "geometry": {
        "type": "LineString",
        "coordinates": [
          [
            121.3606627,
            28.6286261
          ],
          [
            121.3617318,
            28.6311299
          ],
          [
            121.3624819,
            28.6330046
          ],
          [
            121.3632024,
            28.6348793
          ],
          [
            121.3639474,
            28.6372249
          ],
          [
            121.3642514,
            28.6383276
          ],
          [
            121.3646667,
            28.6400215
          ],
          [
            121.3652166,
            28.6424206
          ],
          [
            121.3659636,
            28.6458009
          ],
          [
            121.3661053,
            28.6464783
          ],
          [
            121.3665318,
            28.6484493
          ],
          [
            121.3669292,
            28.6502859
          ],
          [
            121.367731,
            28.6539914
          ],
          [
            121.3685788,
            28.6579562
          ],
          [
            121.36951,
            28.6620089
          ],
          [
            121.3696133,
            28.6624587
          ]
        ]
      }
    },
    {
      "type": "Feature",
      "properties": {
        "id": "1070826252",
        "name": "杭台高速线",
        "railway": "rail",
        "source": "osm",
        "ref": "3108"
      },
      "geometry": {
        "type": "LineString",
        "coordinates": [
          [
            121.3696653,
            28.6628995
          ],
          [
            121.3695596,
            28.6624709
          ]
        ]
      }
    },
    {
      "type": "Feature",
      "properties": {
        "id": "1070826253",
        "name": "杭台高速线",
        "railway": "rail",
        "source": "osm",
        "ref": "3108"
      },
      "geometry": {
        "type": "LineString",
        "coordinates": [
          [
            121.3697157,
            28.6628918
          ],
          [
            121.3698956,
            28.6637189
          ],
          [
            121.370545,
            28.6667032
          ]
        ]
      }
    },
    {
      "type": "Feature",
      "properties": {
        "id": "1070826254",
        "name": "",
        "railway": "rail",
        "source": "osm"
      },
      "geometry": {
        "type": "LineString",
        "coordinates": [
          [
            121.370604,
            28.6666954
          ],
          [
            121.3697746,
            28.6628773
          ]
        ]
      }
    },
    {
      "type": "Feature",
      "properties": {
        "id": "1070826255",
        "name": "",
        "railway": "rail",
        "source": "osm"
      },
      "geometry": {
        "type": "LineString",
        "coordinates": [
          [
            121.3704361,
            28.6667256
          ],
          [
            121.3699264,
            28.6643864
          ],
          [
            121.3696067,
            28.6629192
          ]
        ]
      }
    },
    {
      "type": "Feature",
      "properties": {
        "id": "1070826256",
        "name": "杭台高速线",
        "railway": "rail",
        "source": "osm",
        "ref": "3108"
      },
      "geometry": {
        "type": "LineString",
        "coordinates": [
          [
            121.3696133,
            28.6624587
          ],
          [
            121.3696369,
            28.6625587
          ],
          [
            121.3697157,
            28.6628918
          ]
        ]
      }
    },
    {
      "type": "Feature",
      "properties": {
        "id": "1070826257",
        "name": "杭台高速线",
        "railway": "rail",
        "source": "osm",
        "ref": "3108"
      },
      "geometry": {
        "type": "LineString",
        "coordinates": [
          [
            121.3707275,
            28.6675393
          ],
          [
            121.3710341,
            28.6690314
          ]
        ]
      }
    },
    {
      "type": "Feature",
      "properties": {
        "id": "1070826258",
        "name": "杭台高速线",
        "railway": "rail",
        "source": "osm",
        "ref": "3108"
      },
      "geometry": {
        "type": "LineString",
        "coordinates": [
          [
            121.370545,
            28.6667032
          ],
          [
            121.3706591,
            28.667226
          ],
          [
            121.3707275,
            28.6675393
          ]
        ]
      }
    },
    {
      "type": "Feature",
      "properties": {
        "id": "1070826259",
        "name": "",
        "railway": "construction",
        "source": "osm"
      },
      "geometry": {
        "type": "LineString",
        "coordinates": [
          [
            121.3732194,
            28.7162684
          ],
          [
            121.3732913,
            28.7150484
          ],
          [
            121.3733615,
            28.71338
          ],
          [
            121.3733685,
            28.7110035
          ],
          [
            121.373017,
            28.6830404
          ],
          [
            121.3729847,
            28.6817271
          ],
          [
            121.3729055,
            28.6800457
          ],
          [
            121.3727705,
            28.6784517
          ],
          [
            121.3726472,
            28.677329
          ],
          [
            121.3724535,
            28.6759977
          ],
          [
            121.3722518,
            28.6748814
          ],
          [
            121.3715917,
            28.6715521
          ]
        ]
      }
    },
    {
      "type": "Feature",
      "properties": {
        "id": "1070826260",
        "name": "",
        "railway": "rail",
        "source": "osm"
      },
      "geometry": {
        "type": "LineString",
        "coordinates": [
          [
            121.3707881,
            28.6675253
          ],
          [
            121.370604,
            28.6666954
          ]
        ]
      }
    },
    {
      "type": "Feature",
      "properties": {
        "id": "1070826261",
        "name": "",
        "railway": "rail",
        "source": "osm"
      },
      "geometry": {
        "type": "LineString",
        "coordinates": [
          [
            121.3697746,
            28.6628773
          ],
          [
            121.3697254,
            28.6626649
          ],
          [
            121.3696762,
            28.6624525
          ]
        ]
      }
    },
    {
      "type": "Feature",
      "properties": {
        "id": "1070826262",
        "name": "",
        "railway": "construction",
        "source": "osm"
      },
      "geometry": {
        "type": "LineString",
        "coordinates": [
          [
            121.3719906,
            28.7244877
          ],
          [
            121.3721704,
            28.7221429
          ],
          [
            121.3724156,
            28.7194857
          ],
          [
            121.3729303,
            28.7143806
          ],
          [
            121.3730175,
            28.7132789
          ],
          [
            121.3730786,
            28.7121245
          ],
          [
            121.3731346,
            28.7107225
          ],
          [
            121.3731576,
            28.709342
          ],
          [
            121.3731541,
            28.7076796
          ],
          [
            121.3728515,
            28.6830304
          ],
          [
            121.3728265,
            28.6817359
          ],
          [
            121.3727558,
            28.6800436
          ],
          [
            121.3726208,
            28.6784568
          ],
          [
            121.3724881,
            28.6773249
          ],
          [
            121.3722997,
            28.6760026
          ],
          [
            121.3720944,
            28.6748991
          ],
          [
            121.3714301,
            28.6715829
          ]
        ]
      }
    },
    {
      "type": "Feature",
      "properties": {
        "id": "1070826263",
        "name": "",
        "railway": "rail",
        "source": "osm"
      },
      "geometry": {
        "type": "LineString",
        "coordinates": [
          [
            121.3706133,
            28.6675621
          ],
          [
            121.3704361,
            28.6667256
          ]
        ]
      }
    },
    {
      "type": "Feature",
      "properties": {
        "id": "1070826264",
        "name": "",
        "railway": "rail",
        "source": "osm"
      },
      "geometry": {
        "type": "LineString",
        "coordinates": [
          [
            121.3696067,
            28.6629192
          ],
          [
            121.3694979,
            28.6624819
          ]
        ]
      }
    },
    {
      "type": "Feature",
      "properties": {
        "id": "1070826265",
        "name": "杭台高速线",
        "railway": "rail",
        "source": "osm",
        "ref": "3108"
      },
      "geometry": {
        "type": "LineString",
        "coordinates": [
          [
            121.3710341,
            28.6690314
          ],
          [
            121.3721991,
            28.6748887
          ],
          [
            121.3724,
            28.6759943
          ],
          [
            121.3725927,
            28.6773235
          ],
          [
            121.3727191,
            28.6784452
          ],
          [
            121.3728546,
            28.6800381
          ],
          [
            121.3729345,
            28.6817242
          ],
          [
            121.3729588,
            28.6830299
          ],
          [
            121.3733079,
            28.7110153
          ],
          [
            121.3732849,
            28.7127592
          ],
          [
            121.3732618,
            28.7137434
          ],
          [
            121.3730785,
            28.7162605
          ]
        ]
      }
    },
    {
      "type": "Feature",
      "properties": {
        "id": "1070826266",
        "name": "",
        "railway": "rail",
        "source": "osm"
      },
      "geometry": {
        "type": "LineString",
        "coordinates": [
          [
            121.3710895,
            28.6690187
          ],
          [
            121.3707881,
            28.6675253
          ]
        ]
      }
    },
    {
      "type": "Feature",
      "properties": {
        "id": "1070826267",
        "name": "",
        "railway": "rail",
        "source": "osm"
      },
      "geometry": {
        "type": "LineString",
        "coordinates": [
          [
            121.3709243,
            28.6690579
          ],
          [
            121.3706133,
            28.6675621
          ]
        ]
      }
    },
    {
      "type": "Feature",
      "properties": {
        "id": "1070827113",
        "name": "杭台高速线",
        "railway": "rail",
        "source": "osm",
        "ref": "3108"
      },
      "geometry": {
        "type": "LineString",
        "coordinates": [
          [
            121.3710087,
            28.7260943
          ],
          [
            121.3698399,
            28.7291324
          ],
          [
            121.3693802,
            28.730308
          ],
          [
            121.3683252,
            28.7326308
          ]
        ]
      }
    },
    {
      "type": "Feature",
      "properties": {
        "id": "1070827114",
        "name": "杭台高速线",
        "railway": "rail",
        "source": "osm",
        "ref": "3108"
      },
      "geometry": {
        "type": "LineString",
        "coordinates": [
          [
            121.3715566,
            28.7242411
          ],
          [
            121.3710087,
            28.7260943
          ]
        ]
      }
    },
    {
      "type": "Feature",
      "properties": {
        "id": "1070827115",
        "name": "杭台高速线",
        "railway": "rail",
        "source": "osm",
        "ref": "3108"
      },
      "geometry": {
        "type": "LineString",
        "coordinates": [
          [
            121.3647567,
            28.7387881
          ],
          [
            121.3638211,
            28.7400971
          ],
          [
            121.3623753,
            28.7420348
          ],
          [
            121.3611704,
            28.7435138
          ],
          [
            121.3605305,
            28.7442472
          ]
        ]
      }
    },
    {
      "type": "Feature",
      "properties": {
        "id": "1070827116",
        "name": "杭台高速线",
        "railway": "rail",
        "source": "osm",
        "ref": "3108"
      },
      "geometry": {
        "type": "LineString",
        "coordinates": [
          [
            121.3683252,
            28.7326308
          ],
          [
            121.3676244,
            28.7340955
          ],
          [
            121.366815,
            28.7355216
          ]
        ]
      }
    },
    {
      "type": "Feature",
      "properties": {
        "id": "1079219579",
        "name": "杭台高速线",
        "railway": "rail",
        "source": "osm",
        "ref": "3108"
      },
      "geometry": {
        "type": "LineString",
        "coordinates": [
          [
            121.3568454,
            28.7482869
          ],
          [
            121.3548498,
            28.7505532
          ],
          [
            121.3522515,
            28.7526785
          ],
          [
            121.3476041,
            28.7556491
          ],
          [
            121.3419254,
            28.7588662
          ],
          [
            121.3358255,
            28.7619208
          ]
        ]
      }
    },
    {
      "type": "Feature",
      "properties": {
        "id": "1079219580",
        "name": "杭台高速线",
        "railway": "rail",
        "source": "osm",
        "ref": "3108"
      },
      "geometry": {
        "type": "LineString",
        "coordinates": [
          [
            121.3358255,
            28.7619208
          ],
          [
            121.3325858,
            28.7637193
          ]
        ]
      }
    },
    {
      "type": "Feature",
      "properties": {
        "id": "1079219581",
        "name": "杭台高速线",
        "railway": "rail",
        "source": "osm",
        "ref": "3108"
      },
      "geometry": {
        "type": "LineString",
        "coordinates": [
          [
            121.3300737,
            28.7651546
          ],
          [
            121.3284957,
            28.7660128
          ],
          [
            121.3255653,
            28.7674751
          ],
          [
            121.3220815,
            28.7690066
          ]
        ]
      }
    },
    {
      "type": "Feature",
      "properties": {
        "id": "1079219582",
        "name": "杭台高速线",
        "railway": "rail",
        "source": "osm",
        "ref": "3108"
      },
      "geometry": {
        "type": "LineString",
        "coordinates": [
          [
            121.3599738,
            28.7448713
          ],
          [
            121.359225,
            28.7458561
          ],
          [
            121.3578882,
            28.7471669
          ]
        ]
      }
    },
    {
      "type": "Feature",
      "properties": {
        "id": "1079219583",
        "name": "杭台高速线",
        "railway": "rail",
        "source": "osm",
        "ref": "3108"
      },
      "geometry": {
        "type": "LineString",
        "coordinates": [
          [
            121.3578882,
            28.7471669
          ],
          [
            121.3568454,
            28.7482869
          ]
        ]
      }
    },
    {
      "type": "Feature",
      "properties": {
        "id": "1079219584",
        "name": "杭台高速线",
        "railway": "rail",
        "source": "osm",
        "ref": "3108"
      },
      "geometry": {
        "type": "LineString",
        "coordinates": [
          [
            121.3220815,
            28.7690066
          ],
          [
            121.3193777,
            28.7700675
          ],
          [
            121.3169666,
            28.7708153
          ]
        ]
      }
    },
    {
      "type": "Feature",
      "properties": {
        "id": "1079219585",
        "name": "杭台高速线",
        "railway": "rail",
        "source": "osm",
        "ref": "3108"
      },
      "geometry": {
        "type": "LineString",
        "coordinates": [
          [
            121.3325858,
            28.7637193
          ],
          [
            121.3305025,
            28.7649215
          ]
        ]
      }
    },
    {
      "type": "Feature",
      "properties": {
        "id": "1079219586",
        "name": "杭台高速线",
        "railway": "rail",
        "source": "osm",
        "ref": "3108"
      },
      "geometry": {
        "type": "LineString",
        "coordinates": [
          [
            121.3169666,
            28.7708153
          ],
          [
            121.3142662,
            28.7714578
          ],
          [
            121.3092889,
            28.7726602
          ],
          [
            121.2937343,
            28.7757764
          ]
        ]
      }
    },
    {
      "type": "Feature",
      "properties": {
        "id": "1079219587",
        "name": "杭台高速线",
        "railway": "rail",
        "source": "osm",
        "ref": "3108"
      },
      "geometry": {
        "type": "LineString",
        "coordinates": [
          [
            121.2929953,
            28.7759244
          ],
          [
            121.2900509,
            28.7767293
          ],
          [
            121.2868582,
            28.7777951
          ],
          [
            121.2820874,
            28.77983
          ],
          [
            121.2700911,
            28.7866667
          ],
          [
            121.2636191,
            28.7908443
          ],
          [
            121.2598242,
            28.7934249
          ],
          [
            121.2558178,
            28.7965761
          ],
          [
            121.2546873,
            28.7975194
          ],
          [
            121.2540804,
            28.7980851
          ]
        ]
      }
    },
    {
      "type": "Feature",
      "properties": {
        "id": "1091992924",
        "name": "",
        "railway": "subway",
        "source": "osm"
      },
      "geometry": {
        "type": "LineString",
        "coordinates": [
          [
            121.373335,
            28.6742279
          ],
          [
            121.3734566,
            28.6746215
          ],
          [
            121.3735319,
            28.6750148
          ],
          [
            121.3736536,
            28.6755552
          ],
          [
            121.3737348,
            28.6759156
          ],
          [
            121.3738545,
            28.6761776
          ]
        ]
      }
    },
    {
      "type": "Feature",
      "properties": {
        "id": "1091992925",
        "name": "",
        "railway": "subway",
        "source": "osm"
      },
      "geometry": {
        "type": "LineString",
        "coordinates": [
          [
            121.3734192,
            28.6742387
          ],
          [
            121.373625,
            28.6745824
          ],
          [
            121.3737858,
            28.6747666
          ],
          [
            121.3739635,
            28.6750138
          ],
          [
            121.3740595,
            28.6751935
          ],
          [
            121.3741684,
            28.675423
          ],
          [
            121.3748307,
            28.6768456
          ]
        ]
      }
    },
    {
      "type": "Feature",
      "properties": {
        "id": "1125494140",
        "name": "台州市域铁路S1线",
        "railway": "subway",
        "source": "osm"
      },
      "geometry": {
        "type": "LineString",
        "coordinates": [
          [
            121.4051022,
            28.3328313
          ],
          [
            121.4055414,
            28.3322088
          ],
          [
            121.4091805,
            28.327777
          ],
          [
            121.4103657,
            28.3262774
          ],
          [
            121.4105559,
            28.3259546
          ],
          [
            121.4106995,
            28.3256318
          ],
          [
            121.4108263,
            28.3252364
          ],
          [
            121.4109157,
            28.324841
          ],
          [
            121.4109454,
            28.3244833
          ],
          [
            121.4106705,
            28.3178986
          ]
        ]
      }
    },
    {
      "type": "Feature",
      "properties": {
        "id": "1125494141",
        "name": "台州市域铁路S1线",
        "railway": "subway",
        "source": "osm"
      },
      "geometry": {
        "type": "LineString",
        "coordinates": [
          [
            121.3714594,
            28.6692639
          ],
          [
            121.370055,
            28.6615168
          ],
          [
            121.3688627,
            28.6559003
          ]
        ]
      }
    },
    {
      "type": "Feature",
      "properties": {
        "id": "1216407248",
        "name": "",
        "railway": "subway",
        "source": "osm"
      },
      "geometry": {
        "type": "LineString",
        "coordinates": [
          [
            121.3714594,
            28.6692639
          ],
          [
            121.371484,
            28.6696518
          ],
          [
            121.371541,
            28.6700164
          ],
          [
            121.3715639,
            28.6701635
          ],
          [
            121.3716682,
            28.6707094
          ],
          [
            121.3720151,
            28.6724717
          ]
        ]
      }
    },
    {
      "type": "Feature",
      "properties": {
        "id": "1216407249",
        "name": "",
        "railway": "subway",
        "source": "osm"
      },
      "geometry": {
        "type": "LineString",
        "coordinates": [
          [
            121.3720829,
            28.672464
          ],
          [
            121.371849,
            28.6712813
          ],
          [
            121.3718152,
            28.6711117
          ],
          [
            121.3716977,
            28.6705225
          ],
          [
            121.3716211,
            28.6700078
          ],
          [
            121.3715762,
            28.6697784
          ],
          [
            121.3715538,
            28.6696095
          ],
          [
            121.3715389,
            28.6692457
          ]
        ]
      }
    },
    {
      "type": "Feature",
      "properties": {
        "id": "1216407250",
        "name": "",
        "railway": "subway",
        "source": "osm"
      },
      "geometry": {
        "type": "LineString",
        "coordinates": [
          [
            121.3728239,
            28.6731249
          ],
          [
            121.3729885,
            28.6734801
          ],
          [
            121.3732101,
            28.6739583
          ],
          [
            121.373335,
            28.6742279
          ]
        ]
      }
    },
    {
      "type": "Feature",
      "properties": {
        "id": "1216407252",
        "name": "",
        "railway": "subway",
        "source": "osm"
      },
      "geometry": {
        "type": "LineString",
        "coordinates": [
          [
            121.3740712,
            28.6769006
          ],
          [
            121.3736927,
            28.6760997
          ],
          [
            121.3736161,
            28.6758424
          ],
          [
            121.3735713,
            28.6755523
          ],
          [
            121.3735319,
            28.6750148
          ]
        ]
      }
    },
    {
      "type": "Feature",
      "properties": {
        "id": "1216407253",
        "name": "",
        "railway": "subway",
        "source": "osm"
      },
      "geometry": {
        "type": "LineString",
        "coordinates": [
          [
            121.373906,
            28.6761595
          ],
          [
            121.3737842,
            28.6758981
          ],
          [
            121.3736536,
            28.6755552
          ]
        ]
      }
    },
    {
      "type": "Feature",
      "properties": {
        "id": "1216407254",
        "name": "",
        "railway": "subway",
        "source": "osm"
      },
      "geometry": {
        "type": "LineString",
        "coordinates": [
          [
            121.3734192,
            28.6742387
          ],
          [
            121.373285,
            28.6739295
          ],
          [
            121.3730558,
            28.6734585
          ],
          [
            121.3729343,
            28.6732087
          ],
          [
            121.372861,
            28.6730427
          ],
          [
            121.3727549,
            28.6728022
          ],
          [
            121.3724747,
            28.6722089
          ],
          [
            121.372103,
            28.6714075
          ],
          [
            121.3720387,
            28.6712701
          ],
          [
            121.3719779,
            28.6711403
          ],
          [
            121.3718919,
            28.6709765
          ],
          [
            121.3717593,
            28.6705274
          ],
          [
            121.3716211,
            28.6700078
          ]
        ]
      }
    },
    {
      "type": "Feature",
      "properties": {
        "id": "1216407255",
        "name": "",
        "railway": "subway",
        "source": "osm"
      },
      "geometry": {
        "type": "LineString",
        "coordinates": [
          [
            121.371541,
            28.6700164
          ],
          [
            121.3716977,
            28.6705225
          ]
        ]
      }
    },
    {
      "type": "Feature",
      "properties": {
        "id": "1216407256",
        "name": "",
        "railway": "subway",
        "source": "osm"
      },
      "geometry": {
        "type": "LineString",
        "coordinates": [
          [
            121.3718152,
            28.6711117
          ],
          [
            121.3719386,
            28.6714763
          ],
          [
            121.3720582,
            28.6717484
          ],
          [
            121.3721684,
            28.6719549
          ],
          [
            121.3725644,
            28.6725925
          ],
          [
            121.3727064,
            28.6728514
          ],
          [
            121.3728239,
            28.6731249
          ]
        ]
      }
    },
    {
      "type": "Feature",
      "properties": {
        "id": "1216407257",
        "name": "",
        "railway": "subway",
        "source": "osm"
      },
      "geometry": {
        "type": "LineString",
        "coordinates": [
          [
            121.3728239,
            28.6731249
          ],
          [
            121.3724598,
            28.6725285
          ]
        ]
      }
    },
    {
      "type": "Feature",
      "properties": {
        "id": "1216407258",
        "name": "",
        "railway": "subway",
        "source": "osm"
      },
      "geometry": {
        "type": "LineString",
        "coordinates": [
          [
            121.371806,
            28.670529
          ],
          [
            121.3720387,
            28.6712701
          ]
        ]
      }
    },
    {
      "type": "Feature",
      "properties": {
        "id": "1216407259",
        "name": "",
        "railway": "subway",
        "source": "osm"
      },
      "geometry": {
        "type": "LineString",
        "coordinates": [
          [
            121.3721497,
            28.6713764
          ],
          [
            121.3727251,
            28.6726088
          ],
          [
            121.372861,
            28.6730427
          ]
        ]
      }
    },
    {
      "type": "Feature",
      "properties": {
        "id": "1216407260",
        "name": "",
        "railway": "subway",
        "source": "osm"
      },
      "geometry": {
        "type": "LineString",
        "coordinates": [
          [
            121.3730558,
            28.6734585
          ],
          [
            121.3731275,
            28.6736909
          ],
          [
            121.3732101,
            28.6739583
          ]
        ]
      }
    },
    {
      "type": "Feature",
      "properties": {
        "id": "1216407261",
        "name": "",
        "railway": "subway",
        "source": "osm"
      },
      "geometry": {
        "type": "LineString",
        "coordinates": [
          [
            121.3729885,
            28.6734801
          ],
          [
            121.3731275,
            28.6736909
          ],
          [
            121.373285,
            28.6739295
          ]
        ]
      }
    },
    {
      "type": "Feature",
      "properties": {
        "id": "1216407262",
        "name": "",
        "railway": "subway",
        "source": "osm"
      },
      "geometry": {
        "type": "LineString",
        "coordinates": [
          [
            121.3734192,
            28.6742387
          ],
          [
            121.3735862,
            28.6746231
          ],
          [
            121.3739912,
            28.6754925
          ]
        ]
      }
    },
    {
      "type": "Feature",
      "properties": {
        "id": "1216407263",
        "name": "",
        "railway": "subway",
        "source": "osm"
      },
      "geometry": {
        "type": "LineString",
        "coordinates": [
          [
            121.373625,
            28.6745824
          ],
          [
            121.3737992,
            28.6748558
          ],
          [
            121.3739337,
            28.6750869
          ],
          [
            121.3741037,
            28.6754484
          ]
        ]
      }
    },
    {
      "type": "Feature",
      "properties": {
        "id": "1216407264",
        "name": "",
        "railway": "subway",
        "source": "osm"
      },
      "geometry": {
        "type": "LineString",
        "coordinates": [
          [
            121.374031,
            28.6754769
          ],
          [
            121.3737805,
            28.674923
          ],
          [
            121.3735862,
            28.6746231
          ]
        ]
      }
    },
    {
      "type": "Feature",
      "properties": {
        "id": "1216407265",
        "name": "",
        "railway": "subway",
        "source": "osm"
      },
      "geometry": {
        "type": "LineString",
        "coordinates": [
          [
            121.3744583,
            28.6769678
          ],
          [
            121.3738029,
            28.6755664
          ],
          [
            121.3737319,
            28.6753868
          ],
          [
            121.3736422,
            28.6751311
          ],
          [
            121.3735096,
            28.6747116
          ]
        ]
      }
    },
    {
      "type": "Feature",
      "properties": {
        "id": "1216407266",
        "name": "",
        "railway": "subway",
        "source": "osm"
      },
      "geometry": {
        "type": "LineString",
        "coordinates": [
          [
            121.3745019,
            28.6769535
          ],
          [
            121.3738495,
            28.6755481
          ],
          [
            121.3737338,
            28.6752655
          ],
          [
            121.373547,
            28.6746968
          ],
          [
            121.373335,
            28.6742279
          ]
        ]
      }
    },
    {
      "type": "Feature",
      "properties": {
        "id": "1216407267",
        "name": "",
        "railway": "subway",
        "source": "osm"
      },
      "geometry": {
        "type": "LineString",
        "coordinates": [
          [
            121.373547,
            28.6746968
          ],
          [
            121.3737412,
            28.6751016
          ],
          [
            121.373844,
            28.675413
          ],
          [
            121.3738904,
            28.6755321
          ],
          [
            121.3745431,
            28.67694
          ]
        ]
      }
    },
    {
      "type": "Feature",
      "properties": {
        "id": "1216407268",
        "name": "",
        "railway": "subway",
        "source": "osm"
      },
      "geometry": {
        "type": "LineString",
        "coordinates": [
          [
            121.3745791,
            28.6769281
          ],
          [
            121.3739309,
            28.6755162
          ],
          [
            121.3737412,
            28.6751016
          ]
        ]
      }
    },
    {
      "type": "Feature",
      "properties": {
        "id": "1216407269",
        "name": "",
        "railway": "subway",
        "source": "osm"
      },
      "geometry": {
        "type": "LineString",
        "coordinates": [
          [
            121.3739912,
            28.6754925
          ],
          [
            121.3746432,
            28.6769071
          ]
        ]
      }
    },
    {
      "type": "Feature",
      "properties": {
        "id": "1216407270",
        "name": "",
        "railway": "subway",
        "source": "osm"
      },
      "geometry": {
        "type": "LineString",
        "coordinates": [
          [
            121.374686,
            28.676893
          ],
          [
            121.374031,
            28.6754769
          ]
        ]
      }
    },
    {
      "type": "Feature",
      "properties": {
        "id": "1216407271",
        "name": "",
        "railway": "subway",
        "source": "osm"
      },
      "geometry": {
        "type": "LineString",
        "coordinates": [
          [
            121.3741037,
            28.6754484
          ],
          [
            121.3747616,
            28.6768682
          ]
        ]
      }
    },
    {
      "type": "Feature",
      "properties": {
        "id": "1223752217",
        "name": "杭深线",
        "railway": "rail",
        "source": "osm",
        "ref": "3009"
      },
      "geometry": {
        "type": "LineString",
        "coordinates": [
          [
            121.2881554,
            28.6785205
          ],
          [
            121.2874412,
            28.6823337
          ],
          [
            121.2873497,
            28.6828156
          ],
          [
            121.2850578,
            28.6951437
          ],
          [
            121.2849667,
            28.6956351
          ],
          [
            121.2847738,
            28.6967001
          ]
        ]
      }
    },
    {
      "type": "Feature",
      "properties": {
        "id": "1223752218",
        "name": "",
        "railway": "rail",
        "source": "osm"
      },
      "geometry": {
        "type": "LineString",
        "coordinates": [
          [
            121.2874412,
            28.6823337
          ],
          [
            121.2877366,
            28.6810096
          ]
        ]
      }
    },
    {
      "type": "Feature",
      "properties": {
        "id": "1223752219",
        "name": "",
        "railway": "rail",
        "source": "osm"
      },
      "geometry": {
        "type": "LineString",
        "coordinates": [
          [
            121.2873497,
            28.6828156
          ],
          [
            121.287122,
            28.6837756
          ],
          [
            121.2869447,
            28.6844969
          ],
          [
            121.2864611,
            28.6864181
          ],
          [
            121.2863505,
            28.6869635
          ],
          [
            121.2855629,
            28.6911897
          ],
          [
            121.2855054,
            28.6916119
          ],
          [
            121.2852774,
            28.6934461
          ],
          [
            121.2851899,
            28.6941794
          ],
          [
            121.2850578,
            28.6951437
          ]
        ]
      }
    },
    {
      "type": "Feature",
      "properties": {
        "id": "1223752220",
        "name": "",
        "railway": "rail",
        "source": "osm"
      },
      "geometry": {
        "type": "LineString",
        "coordinates": [
          [
            121.287122,
            28.6837756
          ],
          [
            121.2869516,
            28.684608
          ],
          [
            121.2853192,
            28.6933845
          ],
          [
            121.2851899,
            28.6941794
          ]
        ]
      }
    },
    {
      "type": "Feature",
      "properties": {
        "id": "1223752221",
        "name": "",
        "railway": "rail",
        "source": "osm"
      },
      "geometry": {
        "type": "LineString",
        "coordinates": [
          [
            121.2869447,
            28.6844969
          ],
          [
            121.28665,
            28.6854594
          ],
          [
            121.286519,
            28.6859305
          ],
          [
            121.286409,
            28.686404
          ],
          [
            121.2862947,
            28.6869702
          ],
          [
            121.2855209,
            28.6911818
          ],
          [
            121.2854371,
            28.6916713
          ],
          [
            121.285369,
            28.6922067
          ],
          [
            121.2852774,
            28.6934461
          ]
        ]
      }
    },
    {
      "type": "Feature",
      "properties": {
        "id": "1223752222",
        "name": "",
        "railway": "rail",
        "source": "osm"
      },
      "geometry": {
        "type": "LineString",
        "coordinates": [
          [
            121.2849667,
            28.6956351
          ],
          [
            121.2848171,
            28.6967103
          ]
        ]
      }
    },
    {
      "type": "Feature",
      "properties": {
        "id": "1223752223",
        "name": "",
        "railway": "rail",
        "source": "osm"
      },
      "geometry": {
        "type": "LineString",
        "coordinates": [
          [
            121.2848171,
            28.6967103
          ],
          [
            121.2847828,
            28.6969573
          ]
        ]
      }
    },
    {
      "type": "Feature",
      "properties": {
        "id": "1223752224",
        "name": "",
        "railway": "rail",
        "source": "osm"
      },
      "geometry": {
        "type": "LineString",
        "coordinates": [
          [
            121.2849323,
            28.696123
          ],
          [
            121.2851288,
            28.6952509
          ],
          [
            121.2856979,
            28.6929958
          ],
          [
            121.2858284,
            28.6923979
          ],
          [
            121.2870906,
            28.6856142
          ],
          [
            121.2871953,
            28.6848626
          ],
          [
            121.2874585,
            28.6827372
          ],
          [
            121.2875812,
            28.681843
          ]
        ]
      }
    },
    {
      "type": "Feature",
      "properties": {
        "id": "1223752225",
        "name": "",
        "railway": "rail",
        "source": "osm"
      },
      "geometry": {
        "type": "LineString",
        "coordinates": [
          [
            121.2851288,
            28.6952509
          ],
          [
            121.2853062,
            28.6943998
          ],
          [
            121.2873139,
            28.6836068
          ],
          [
            121.2874585,
            28.6827372
          ]
        ]
      }
    },
    {
      "type": "Feature",
      "properties": {
        "id": "1223752226",
        "name": "",
        "railway": "rail",
        "source": "osm"
      },
      "geometry": {
        "type": "LineString",
        "coordinates": [
          [
            121.2877876,
            28.6835007
          ],
          [
            121.2876482,
            28.6840129
          ],
          [
            121.2872038,
            28.6855791
          ],
          [
            121.2871074,
            28.6860254
          ],
          [
            121.2862132,
            28.6907867
          ],
          [
            121.2861331,
            28.6914166
          ],
          [
            121.2860068,
            28.6927971
          ]
        ]
      }
    },
    {
      "type": "Feature",
      "properties": {
        "id": "1223752227",
        "name": "",
        "railway": "rail",
        "source": "osm"
      },
      "geometry": {
        "type": "LineString",
        "coordinates": [
          [
            121.2876482,
            28.6840129
          ],
          [
            121.2875368,
            28.6845603
          ],
          [
            121.2860068,
            28.6927971
          ],
          [
            121.2859723,
            28.6929801
          ],
          [
            121.2852812,
            28.6967018
          ],
          [
            121.2852471,
            28.6968896
          ]
        ]
      }
    },
    {
      "type": "Feature",
      "properties": {
        "id": "1223752228",
        "name": "",
        "railway": "rail",
        "source": "osm"
      },
      "geometry": {
        "type": "LineString",
        "coordinates": [
          [
            121.2852471,
            28.6968896
          ],
          [
            121.2851935,
            28.6971791
          ]
        ]
      }
    },
    {
      "type": "Feature",
      "properties": {
        "id": "1223752229",
        "name": "",
        "railway": "rail",
        "source": "osm"
      },
      "geometry": {
        "type": "LineString",
        "coordinates": [
          [
            121.2854795,
            28.6959101
          ],
          [
            121.2852812,
            28.6967018
          ]
        ]
      }
    },
    {
      "type": "Feature",
      "properties": {
        "id": "1223752230",
        "name": "",
        "railway": "rail",
        "source": "osm"
      },
      "geometry": {
        "type": "LineString",
        "coordinates": [
          [
            121.2859723,
            28.6929801
          ],
          [
            121.2858806,
            28.693749
          ]
        ]
      }
    },
    {
      "type": "Feature",
      "properties": {
        "id": "1223752231",
        "name": "",
        "railway": "rail",
        "source": "osm"
      },
      "geometry": {
        "type": "LineString",
        "coordinates": [
          [
            121.2855157,
            28.6957116
          ],
          [
            121.2857156,
            28.6949276
          ],
          [
            121.2857529,
            28.6947525
          ],
          [
            121.2858363,
            28.6942964
          ],
          [
            121.286014,
            28.6933457
          ],
          [
            121.2877844,
            28.6837984
          ],
          [
            121.2878173,
            28.6836233
          ],
          [
            121.2882736,
            28.6811848
          ],
          [
            121.2883679,
            28.6806767
          ]
        ]
      }
    },
    {
      "type": "Feature",
      "properties": {
        "id": "1223752232",
        "name": "",
        "railway": "rail",
        "source": "osm"
      },
      "geometry": {
        "type": "LineString",
        "coordinates": [
          [
            121.2880721,
            28.6819598
          ],
          [
            121.2882736,
            28.6811848
          ]
        ]
      }
    },
    {
      "type": "Feature",
      "properties": {
        "id": "1223752233",
        "name": "",
        "railway": "rail",
        "source": "osm"
      },
      "geometry": {
        "type": "LineString",
        "coordinates": [
          [
            121.2878173,
            28.6836233
          ],
          [
            121.2879127,
            28.6828281
          ]
        ]
      }
    },
    {
      "type": "Feature",
      "properties": {
        "id": "1223752234",
        "name": "",
        "railway": "rail",
        "source": "osm"
      },
      "geometry": {
        "type": "LineString",
        "coordinates": [
          [
            121.2857529,
            28.6947525
          ],
          [
            121.2858431,
            28.6939436
          ]
        ]
      }
    },
    {
      "type": "Feature",
      "properties": {
        "id": "1223752235",
        "name": "",
        "railway": "rail",
        "source": "osm"
      },
      "geometry": {
        "type": "LineString",
        "coordinates": [
          [
            121.2855544,
            28.6961549
          ],
          [
            121.2856329,
            28.6956613
          ],
          [
            121.2858835,
            28.6943044
          ],
          [
            121.2860304,
            28.6935332
          ],
          [
            121.2860656,
            28.6933529
          ],
          [
            121.2862066,
            28.6925851
          ],
          [
            121.2876633,
            28.6847456
          ],
          [
            121.2877251,
            28.6843383
          ]
        ]
      }
    },
    {
      "type": "Feature",
      "properties": {
        "id": "1223752236",
        "name": "",
        "railway": "rail",
        "source": "osm"
      },
      "geometry": {
        "type": "LineString",
        "coordinates": [
          [
            121.286014,
            28.6933457
          ],
          [
            121.2862066,
            28.6925851
          ]
        ]
      }
    },
    {
      "type": "Feature",
      "properties": {
        "id": "1223752237",
        "name": "",
        "railway": "rail",
        "source": "osm"
      },
      "geometry": {
        "type": "LineString",
        "coordinates": [
          [
            121.2858363,
            28.6942964
          ],
          [
            121.2860304,
            28.6935332
          ]
        ]
      }
    },
    {
      "type": "Feature",
      "properties": {
        "id": "1223752238",
        "name": "",
        "railway": "rail",
        "source": "osm"
      },
      "geometry": {
        "type": "LineString",
        "coordinates": [
          [
            121.2858835,
            28.6943044
          ],
          [
            121.2862094,
            28.6931221
          ]
        ]
      }
    },
    {
      "type": "Feature",
      "properties": {
        "id": "1223752239",
        "name": "",
        "railway": "rail",
        "source": "osm"
      },
      "geometry": {
        "type": "LineString",
        "coordinates": [
          [
            121.2860656,
            28.6933529
          ],
          [
            121.2864837,
            28.6918255
          ],
          [
            121.2865861,
            28.6913701
          ],
          [
            121.2875426,
            28.6862564
          ],
          [
            121.2875979,
            28.6858094
          ],
          [
            121.2877251,
            28.6843383
          ],
          [
            121.2877844,
            28.6837984
          ]
        ]
      }
    },
    {
      "type": "Feature",
      "properties": {
        "id": "1223767903",
        "name": "杭台高速线",
        "railway": "rail",
        "source": "osm",
        "ref": "3108"
      },
      "geometry": {
        "type": "LineString",
        "coordinates": [
          [
            121.3714783,
            28.7242273
          ],
          [
            121.3720403,
            28.7219421
          ],
          [
            121.3724515,
            28.719983
          ],
          [
            121.3726978,
            28.7185965
          ],
          [
            121.3729431,
            28.7170355
          ]
        ]
      }
    },
    {
      "type": "Feature",
      "properties": {
        "id": "1223767904",
        "name": "杭台高速线",
        "railway": "rail",
        "source": "osm",
        "ref": "3108"
      },
      "geometry": {
        "type": "LineString",
        "coordinates": [
          [
            121.3729431,
            28.7170355
          ],
          [
            121.3730267,
            28.7162593
          ]
        ]
      }
    },
    {
      "type": "Feature",
      "properties": {
        "id": "1223767905",
        "name": "杭台高速线",
        "railway": "rail",
        "source": "osm",
        "ref": "3108"
      },
      "geometry": {
        "type": "LineString",
        "coordinates": [
          [
            121.3729941,
            28.7170348
          ],
          [
            121.3727517,
            28.7186104
          ],
          [
            121.3725131,
            28.7200087
          ],
          [
            121.3721017,
            28.7219657
          ],
          [
            121.3715566,
            28.7242411
          ]
        ]
      }
    },
    {
      "type": "Feature",
      "properties": {
        "id": "1223767906",
        "name": "杭台高速线",
        "railway": "rail",
        "source": "osm",
        "ref": "3108"
      },
      "geometry": {
        "type": "LineString",
        "coordinates": [
          [
            121.3730785,
            28.7162605
          ],
          [
            121.3729941,
            28.7170348
          ]
        ]
      }
    },
    {
      "type": "Feature",
      "properties": {
        "id": "1223767907",
        "name": "",
        "railway": "rail",
        "source": "osm"
      },
      "geometry": {
        "type": "LineString",
        "coordinates": [
          [
            121.3712497,
            28.6706821
          ],
          [
            121.3709243,
            28.6690579
          ]
        ]
      }
    },
    {
      "type": "Feature",
      "properties": {
        "id": "1223767908",
        "name": "",
        "railway": "rail",
        "source": "osm"
      },
      "geometry": {
        "type": "LineString",
        "coordinates": [
          [
            121.3714138,
            28.6706546
          ],
          [
            121.3710895,
            28.6690187
          ]
        ]
      }
    },
    {
      "type": "Feature",
      "properties": {
        "id": "1223767909",
        "name": "",
        "railway": "construction",
        "source": "osm"
      },
      "geometry": {
        "type": "LineString",
        "coordinates": [
          [
            121.3721475,
            28.7244909
          ],
          [
            121.3722409,
            28.7236445
          ],
          [
            121.372381,
            28.7226025
          ],
          [
            121.3726456,
            28.7208778
          ],
          [
            121.3731527,
            28.71697
          ]
        ]
      }
    },
    {
      "type": "Feature",
      "properties": {
        "id": "1223767910",
        "name": "",
        "railway": "construction",
        "source": "osm"
      },
      "geometry": {
        "type": "LineString",
        "coordinates": [
          [
            121.3731527,
            28.71697
          ],
          [
            121.3732194,
            28.7162684
          ]
        ]
      }
    },
    {
      "type": "Feature",
      "properties": {
        "id": "1223767911",
        "name": "",
        "railway": "rail",
        "source": "osm"
      },
      "geometry": {
        "type": "LineString",
        "coordinates": [
          [
            121.3709483,
            28.6690562
          ],
          [
            121.3712497,
            28.6706821
          ],
          [
            121.3714301,
            28.6715829
          ]
        ]
      }
    },
    {
      "type": "Feature",
      "properties": {
        "id": "1223767912",
        "name": "",
        "railway": "rail",
        "source": "osm"
      },
      "geometry": {
        "type": "LineString",
        "coordinates": [
          [
            121.3706696,
            28.6675527
          ],
          [
            121.3709483,
            28.6690562
          ]
        ]
      }
    },
    {
      "type": "Feature",
      "properties": {
        "id": "1223767913",
        "name": "",
        "railway": "rail",
        "source": "osm"
      },
      "geometry": {
        "type": "LineString",
        "coordinates": [
          [
            121.3715917,
            28.6715521
          ],
          [
            121.3714138,
            28.6706546
          ],
          [
            121.3710555,
            28.6690284
          ]
        ]
      }
    },
    {
      "type": "Feature",
      "properties": {
        "id": "1223767914",
        "name": "",
        "railway": "rail",
        "source": "osm"
      },
      "geometry": {
        "type": "LineString",
        "coordinates": [
          [
            121.3710555,
            28.6690284
          ],
          [
            121.3707275,
            28.6675393
          ]
        ]
      }
    },
    {
      "type": "Feature",
      "properties": {
        "id": "1223767915",
        "name": "",
        "railway": "rail",
        "source": "osm"
      },
      "geometry": {
        "type": "LineString",
        "coordinates": [
          [
            121.3705236,
            28.6667059
          ],
          [
            121.3703089,
            28.665882
          ]
        ]
      }
    },
    {
      "type": "Feature",
      "properties": {
        "id": "1223767916",
        "name": "",
        "railway": "rail",
        "source": "osm"
      },
      "geometry": {
        "type": "LineString",
        "coordinates": [
          [
            121.3696961,
            28.6628926
          ],
          [
            121.3698439,
            28.6637269
          ]
        ]
      }
    },
    {
      "type": "Feature",
      "properties": {
        "id": "1223767917",
        "name": "",
        "railway": "rail",
        "source": "osm"
      },
      "geometry": {
        "type": "LineString",
        "coordinates": [
          [
            121.3698956,
            28.6637189
          ],
          [
            121.3697601,
            28.6628793
          ]
        ]
      }
    },
    {
      "type": "Feature",
      "properties": {
        "id": "1223767918",
        "name": "",
        "railway": "rail",
        "source": "osm"
      },
      "geometry": {
        "type": "LineString",
        "coordinates": [
          [
            121.3696369,
            28.6625587
          ],
          [
            121.3696961,
            28.6628926
          ]
        ]
      }
    },
    {
      "type": "Feature",
      "properties": {
        "id": "1223767919",
        "name": "",
        "railway": "rail",
        "source": "osm"
      },
      "geometry": {
        "type": "LineString",
        "coordinates": [
          [
            121.3697601,
            28.6628793
          ],
          [
            121.3697254,
            28.6626649
          ]
        ]
      }
    },
    {
      "type": "Feature",
      "properties": {
        "id": "1223767920",
        "name": "",
        "railway": "rail",
        "source": "osm"
      },
      "geometry": {
        "type": "LineString",
        "coordinates": [
          [
            121.3706591,
            28.667226
          ],
          [
            121.3705236,
            28.6667059
          ]
        ]
      }
    },
    {
      "type": "Feature",
      "properties": {
        "id": "1223767921",
        "name": "",
        "railway": "rail",
        "source": "osm"
      },
      "geometry": {
        "type": "LineString",
        "coordinates": [
          [
            121.3699264,
            28.6643864
          ],
          [
            121.370231,
            28.6655209
          ]
        ]
      }
    },
    {
      "type": "Feature",
      "properties": {
        "id": "1223767922",
        "name": "",
        "railway": "rail",
        "source": "osm"
      },
      "geometry": {
        "type": "LineString",
        "coordinates": [
          [
            121.3664772,
            28.6484569
          ],
          [
            121.3667535,
            28.6500266
          ]
        ]
      }
    },
    {
      "type": "Feature",
      "properties": {
        "id": "1223767923",
        "name": "",
        "railway": "rail",
        "source": "osm"
      },
      "geometry": {
        "type": "LineString",
        "coordinates": [
          [
            121.3670807,
            28.6520947
          ],
          [
            121.3670218,
            28.6516053
          ],
          [
            121.366945,
            28.6510925
          ],
          [
            121.3668138,
            28.6503052
          ]
        ]
      }
    },
    {
      "type": "Feature",
      "properties": {
        "id": "1223767924",
        "name": "",
        "railway": "rail",
        "source": "osm"
      },
      "geometry": {
        "type": "LineString",
        "coordinates": [
          [
            121.3690915,
            28.6607177
          ],
          [
            121.3694644,
            28.6620581
          ]
        ]
      }
    },
    {
      "type": "Feature",
      "properties": {
        "id": "1223767925",
        "name": "",
        "railway": "rail",
        "source": "osm"
      },
      "geometry": {
        "type": "LineString",
        "coordinates": [
          [
            121.36951,
            28.6620089
          ],
          [
            121.3692693,
            28.6606696
          ]
        ]
      }
    },
    {
      "type": "Feature",
      "properties": {
        "id": "1223767926",
        "name": "",
        "railway": "rail",
        "source": "osm"
      },
      "geometry": {
        "type": "LineString",
        "coordinates": [
          [
            121.3668739,
            28.6502932
          ],
          [
            121.3671513,
            28.6518643
          ]
        ]
      }
    },
    {
      "type": "Feature",
      "properties": {
        "id": "1223767927",
        "name": "",
        "railway": "rail",
        "source": "osm"
      },
      "geometry": {
        "type": "LineString",
        "coordinates": [
          [
            121.3673303,
            28.6518339
          ],
          [
            121.3669292,
            28.6502859
          ]
        ]
      }
    },
    {
      "type": "Feature",
      "properties": {
        "id": "1223767928",
        "name": "",
        "railway": "rail",
        "source": "osm"
      },
      "geometry": {
        "type": "LineString",
        "coordinates": [
          [
            121.3669322,
            28.6499994
          ],
          [
            121.3665318,
            28.6484493
          ]
        ]
      }
    },
    {
      "type": "Feature",
      "properties": {
        "id": "1223767929",
        "name": "",
        "railway": "rail",
        "source": "osm"
      },
      "geometry": {
        "type": "LineString",
        "coordinates": [
          [
            121.366337,
            28.6478078
          ],
          [
            121.3661053,
            28.6464783
          ]
        ]
      }
    },
    {
      "type": "Feature",
      "properties": {
        "id": "1223767930",
        "name": "",
        "railway": "rail",
        "source": "osm"
      },
      "geometry": {
        "type": "LineString",
        "coordinates": [
          [
            121.3659636,
            28.6458009
          ],
          [
            121.3656204,
            28.6444923
          ]
        ]
      }
    },
    {
      "type": "Feature",
      "properties": {
        "id": "1223767931",
        "name": "",
        "railway": "rail",
        "source": "osm"
      },
      "geometry": {
        "type": "LineString",
        "coordinates": [
          [
            121.3671995,
            28.6520869
          ],
          [
            121.3671513,
            28.6518643
          ],
          [
            121.3668138,
            28.6503052
          ],
          [
            121.3667535,
            28.6500266
          ],
          [
            121.3664595,
            28.6486686
          ],
          [
            121.3663016,
            28.6479879
          ],
          [
            121.3660735,
            28.6471491
          ]
        ]
      }
    },
    {
      "type": "Feature",
      "properties": {
        "id": "1223767932",
        "name": "",
        "railway": "rail",
        "source": "osm"
      },
      "geometry": {
        "type": "LineString",
        "coordinates": [
          [
            121.3673798,
            28.6520617
          ],
          [
            121.3673303,
            28.6518339
          ],
          [
            121.3669929,
            28.6502793
          ],
          [
            121.3669322,
            28.6499994
          ],
          [
            121.366638,
            28.6486437
          ],
          [
            121.3665067,
            28.6479701
          ],
          [
            121.3663593,
            28.6470975
          ]
        ]
      }
    },
    {
      "type": "Feature",
      "properties": {
        "id": "1227716861",
        "name": "杭台高速线",
        "railway": "rail",
        "source": "osm",
        "ref": "3108"
      },
      "geometry": {
        "type": "LineString",
        "coordinates": [
          [
            121.3212703,
            28.4893136
          ],
          [
            121.3214248,
            28.4901113
          ],
          [
            121.3218119,
            28.4921099
          ],
          [
            121.3236463,
            28.5015795
          ],
          [
            121.3239141,
            28.5028712
          ],
          [
            121.324192,
            28.5041011
          ],
          [
            121.3244833,
            28.5053075
          ],
          [
            121.3247746,
            28.5064992
          ],
          [
            121.3251329,
            28.5076673
          ],
          [
            121.3257892,
            28.5097828
          ]
        ]
      }
    },
    {
      "type": "Feature",
      "properties": {
        "id": "1227716862",
        "name": "杭台高速线",
        "railway": "rail",
        "source": "osm",
        "ref": "3108"
      },
      "geometry": {
        "type": "LineString",
        "coordinates": [
          [
            121.3266052,
            28.5124826
          ],
          [
            121.3270143,
            28.5141633
          ],
          [
            121.3273049,
            28.5152701
          ],
          [
            121.3276315,
            28.5164179
          ],
          [
            121.3282595,
            28.5185589
          ],
          [
            121.3310712,
            28.5280656
          ],
          [
            121.3313806,
            28.529031
          ],
          [
            121.3318781,
            28.5305423
          ]
        ]
      }
    },
    {
      "type": "Feature",
      "properties": {
        "id": "1227716863",
        "name": "杭台高速线",
        "railway": "rail",
        "source": "osm",
        "ref": "3108"
      },
      "geometry": {
        "type": "LineString",
        "coordinates": [
          [
            121.3257892,
            28.5097828
          ],
          [
            121.3266052,
            28.5124826
          ]
        ]
      }
    },
    {
      "type": "Feature",
      "properties": {
        "id": "1227717800",
        "name": "",
        "railway": "rail",
        "source": "osm"
      },
      "geometry": {
        "type": "LineString",
        "coordinates": [
          [
            121.3213596,
            28.4867788
          ],
          [
            121.3211359,
            28.4853759
          ],
          [
            121.3195657,
            28.4774527
          ],
          [
            121.3194475,
            28.4769117
          ],
          [
            121.3192035,
            28.4759332
          ]
        ]
      }
    },
    {
      "type": "Feature",
      "properties": {
        "id": "1227717801",
        "name": "",
        "railway": "rail",
        "source": "osm"
      },
      "geometry": {
        "type": "LineString",
        "coordinates": [
          [
            121.3217588,
            28.4883833
          ],
          [
            121.321463,
            28.487026
          ],
          [
            121.3211359,
            28.4853759
          ]
        ]
      }
    },
    {
      "type": "Feature",
      "properties": {
        "id": "1227717802",
        "name": "杭深线",
        "railway": "rail",
        "source": "osm",
        "ref": "3009"
      },
      "geometry": {
        "type": "LineString",
        "coordinates": [
          [
            121.3178971,
            28.4697126
          ],
          [
            121.3187895,
            28.4741128
          ],
          [
            121.3192503,
            28.476426
          ],
          [
            121.3193474,
            28.4769145
          ],
          [
            121.3213102,
            28.4867825
          ],
          [
            121.3213629,
            28.4870474
          ],
          [
            121.3216939,
            28.4887555
          ]
        ]
      }
    },
    {
      "type": "Feature",
      "properties": {
        "id": "1227717803",
        "name": "",
        "railway": "rail",
        "source": "osm"
      },
      "geometry": {
        "type": "LineString",
        "coordinates": [
          [
            121.3192503,
            28.476426
          ],
          [
            121.3190409,
            28.4750999
          ]
        ]
      }
    },
    {
      "type": "Feature",
      "properties": {
        "id": "1227717804",
        "name": "",
        "railway": "rail",
        "source": "osm"
      },
      "geometry": {
        "type": "LineString",
        "coordinates": [
          [
            121.3187895,
            28.4741128
          ],
          [
            121.3190187,
            28.4755293
          ],
          [
            121.3192913,
            28.4769254
          ],
          [
            121.3195644,
            28.4782977
          ],
          [
            121.3209781,
            28.4854009
          ],
          [
            121.3213102,
            28.4867825
          ]
        ]
      }
    },
    {
      "type": "Feature",
      "properties": {
        "id": "1227717805",
        "name": "",
        "railway": "rail",
        "source": "osm"
      },
      "geometry": {
        "type": "LineString",
        "coordinates": [
          [
            121.3193474,
            28.4769145
          ],
          [
            121.3195644,
            28.4782977
          ]
        ]
      }
    },
    {
      "type": "Feature",
      "properties": {
        "id": "1227724378",
        "name": "",
        "railway": "rail",
        "source": "osm"
      },
      "geometry": {
        "type": "LineString",
        "coordinates": [
          [
            121.3213509,
            28.4893018
          ],
          [
            121.3212885,
            28.4888747
          ],
          [
            121.321161,
            28.4882303
          ],
          [
            121.3208417,
            28.4866169
          ],
          [
            121.3195174,
            28.4799253
          ],
          [
            121.3191801,
            28.4782204
          ],
          [
            121.3191252,
            28.4779432
          ],
          [
            121.3187809,
            28.4761782
          ],
          [
            121.318507,
            28.4746308
          ],
          [
            121.3184026,
            28.4741143
          ],
          [
            121.3182214,
            28.4733373
          ]
        ]
      }
    },
    {
      "type": "Feature",
      "properties": {
        "id": "1227724379",
        "name": "杭台高速线",
        "railway": "rail",
        "source": "osm",
        "ref": "3108"
      },
      "geometry": {
        "type": "LineString",
        "coordinates": [
          [
            121.318706,
            28.4761248
          ],
          [
            121.3182214,
            28.4733373
          ],
          [
            121.317935,
            28.4716899
          ]
        ]
      }
    },
    {
      "type": "Feature",
      "properties": {
        "id": "1227724380",
        "name": "杭台高速线",
        "railway": "rail",
        "source": "osm",
        "ref": "3108"
      },
      "geometry": {
        "type": "LineString",
        "coordinates": [
          [
            121.317694,
            28.4717259
          ],
          [
            121.317985,
            28.4730667
          ],
          [
            121.3180486,
            28.4733601
          ],
          [
            121.3186502,
            28.4761322
          ]
        ]
      }
    },
    {
      "type": "Feature",
      "properties": {
        "id": "1227724381",
        "name": "杭台高速线",
        "railway": "rail",
        "source": "osm",
        "ref": "3108"
      },
      "geometry": {
        "type": "LineString",
        "coordinates": [
          [
            121.3171506,
            28.4695078
          ],
          [
            121.3173885,
            28.470486
          ]
        ]
      }
    },
    {
      "type": "Feature",
      "properties": {
        "id": "1227724382",
        "name": "杭台高速线",
        "railway": "rail",
        "source": "osm",
        "ref": "3108"
      },
      "geometry": {
        "type": "LineString",
        "coordinates": [
          [
            121.3173885,
            28.470486
          ],
          [
            121.317694,
            28.4717259
          ]
        ]
      }
    },
    {
      "type": "Feature",
      "properties": {
        "id": "1227724383",
        "name": "杭台高速线",
        "railway": "rail",
        "source": "osm",
        "ref": "3108"
      },
      "geometry": {
        "type": "LineString",
        "coordinates": [
          [
            121.317935,
            28.4716899
          ],
          [
            121.3176998,
            28.470447
          ]
        ]
      }
    },
    {
      "type": "Feature",
      "properties": {
        "id": "1227724384",
        "name": "杭台高速线",
        "railway": "rail",
        "source": "osm",
        "ref": "3108"
      },
      "geometry": {
        "type": "LineString",
        "coordinates": [
          [
            121.3176998,
            28.470447
          ],
          [
            121.3175579,
            28.4696568
          ]
        ]
      }
    },
    {
      "type": "Feature",
      "properties": {
        "id": "1227724385",
        "name": "",
        "railway": "rail",
        "source": "osm"
      },
      "geometry": {
        "type": "LineString",
        "coordinates": [
          [
            121.3191252,
            28.4779432
          ],
          [
            121.318757,
            28.4763827
          ]
        ]
      }
    },
    {
      "type": "Feature",
      "properties": {
        "id": "1227724386",
        "name": "",
        "railway": "rail",
        "source": "osm"
      },
      "geometry": {
        "type": "LineString",
        "coordinates": [
          [
            121.3195174,
            28.4799253
          ],
          [
            121.3191505,
            28.4783731
          ]
        ]
      }
    },
    {
      "type": "Feature",
      "properties": {
        "id": "1227724387",
        "name": "",
        "railway": "rail",
        "source": "osm"
      },
      "geometry": {
        "type": "LineString",
        "coordinates": [
          [
            121.3180486,
            28.4733601
          ],
          [
            121.3182981,
            28.4748211
          ],
          [
            121.3185749,
            28.4761408
          ],
          [
            121.31894,
            28.4779667
          ],
          [
            121.3189958,
            28.4782458
          ],
          [
            121.319336,
            28.4799473
          ],
          [
            121.320543,
            28.485936
          ],
          [
            121.3209054,
            28.4877517
          ],
          [
            121.3211346,
            28.4889016
          ],
          [
            121.3212376,
            28.4893186
          ]
        ]
      }
    },
    {
      "type": "Feature",
      "properties": {
        "id": "1227724388",
        "name": "",
        "railway": "rail",
        "source": "osm"
      },
      "geometry": {
        "type": "LineString",
        "coordinates": [
          [
            121.3187023,
            28.4763944
          ],
          [
            121.31894,
            28.4779667
          ]
        ]
      }
    },
    {
      "type": "Feature",
      "properties": {
        "id": "1227724389",
        "name": "",
        "railway": "rail",
        "source": "osm"
      },
      "geometry": {
        "type": "LineString",
        "coordinates": [
          [
            121.3190972,
            28.4783809
          ],
          [
            121.319336,
            28.4799473
          ]
        ]
      }
    },
    {
      "type": "Feature",
      "properties": {
        "id": "1227724390",
        "name": "",
        "railway": "rail",
        "source": "osm"
      },
      "geometry": {
        "type": "LineString",
        "coordinates": [
          [
            121.3176092,
            28.4717474
          ],
          [
            121.317252,
            28.4705716
          ]
        ]
      }
    },
    {
      "type": "Feature",
      "properties": {
        "id": "1227724391",
        "name": "",
        "railway": "rail",
        "source": "osm"
      },
      "geometry": {
        "type": "LineString",
        "coordinates": [
          [
            121.3176092,
            28.4717474
          ],
          [
            121.3182981,
            28.4748211
          ]
        ]
      }
    },
    {
      "type": "Feature",
      "properties": {
        "id": "1227724392",
        "name": "",
        "railway": "rail",
        "source": "osm"
      },
      "geometry": {
        "type": "LineString",
        "coordinates": [
          [
            121.318212,
            28.4739275
          ],
          [
            121.3180405,
            28.4727577
          ]
        ]
      }
    },
    {
      "type": "Feature",
      "properties": {
        "id": "1227724393",
        "name": "",
        "railway": "rail",
        "source": "osm"
      },
      "geometry": {
        "type": "LineString",
        "coordinates": [
          [
            121.3218119,
            28.4921099
          ],
          [
            121.321593,
            28.4907415
          ]
        ]
      }
    },
    {
      "type": "Feature",
      "properties": {
        "id": "1227724394",
        "name": "",
        "railway": "rail",
        "source": "osm"
      },
      "geometry": {
        "type": "LineString",
        "coordinates": [
          [
            121.3212745,
            28.4891178
          ],
          [
            121.3209664,
            28.4877848
          ]
        ]
      }
    },
    {
      "type": "Feature",
      "properties": {
        "id": "1227724395",
        "name": "",
        "railway": "rail",
        "source": "osm"
      },
      "geometry": {
        "type": "LineString",
        "coordinates": [
          [
            121.3210865,
            28.4881669
          ],
          [
            121.3208417,
            28.4866169
          ]
        ]
      }
    },
    {
      "type": "Feature",
      "properties": {
        "id": "1227724396",
        "name": "",
        "railway": "rail",
        "source": "osm"
      },
      "geometry": {
        "type": "LineString",
        "coordinates": [
          [
            121.320543,
            28.485936
          ],
          [
            121.3209016,
            28.4874589
          ]
        ]
      }
    },
    {
      "type": "Feature",
      "properties": {
        "id": "1227724397",
        "name": "",
        "railway": "rail",
        "source": "osm"
      },
      "geometry": {
        "type": "LineString",
        "coordinates": [
          [
            121.3212376,
            28.4893186
          ],
          [
            121.3214248,
            28.4901113
          ]
        ]
      }
    },
    {
      "type": "Feature",
      "properties": {
        "id": "1227724398",
        "name": "",
        "railway": "rail",
        "source": "osm"
      },
      "geometry": {
        "type": "LineString",
        "coordinates": [
          [
            121.3214682,
            28.4901047
          ],
          [
            121.3213509,
            28.4893018
          ]
        ]
      }
    },
    {
      "type": "Feature",
      "properties": {
        "id": "1227724399",
        "name": "",
        "railway": "construction",
        "source": "osm"
      },
      "geometry": {
        "type": "LineString",
        "coordinates": [
          [
            121.3212131,
            28.4893207
          ],
          [
            121.3215171,
            28.4909127
          ],
          [
            121.3216115,
            28.4914763
          ],
          [
            121.3218011,
            28.4928704
          ]
        ]
      }
    },
    {
      "type": "Feature",
      "properties": {
        "id": "1227724400",
        "name": "",
        "railway": "construction",
        "source": "osm"
      },
      "geometry": {
        "type": "LineString",
        "coordinates": [
          [
            121.3211346,
            28.4889016
          ],
          [
            121.3212131,
            28.4893207
          ]
        ]
      }
    },
    {
      "type": "Feature",
      "properties": {
        "id": "1227724401",
        "name": "",
        "railway": "construction",
        "source": "osm"
      },
      "geometry": {
        "type": "LineString",
        "coordinates": [
          [
            121.3235407,
            28.5054692
          ],
          [
            121.3236802,
            28.505012
          ],
          [
            121.3238304,
            28.504385
          ],
          [
            121.3239342,
            28.5037443
          ],
          [
            121.3240032,
            28.5030257
          ],
          [
            121.3240106,
            28.502431
          ],
          [
            121.3239634,
            28.5018177
          ],
          [
            121.3238844,
            28.5011918
          ],
          [
            121.3237666,
            28.5004855
          ],
          [
            121.3225738,
            28.4941914
          ],
          [
            121.3224453,
            28.493599
          ],
          [
            121.322335,
            28.4931929
          ]
        ]
      }
    },
    {
      "type": "Feature",
      "properties": {
        "id": "1227724402",
        "name": "",
        "railway": "rail",
        "source": "osm"
      },
      "geometry": {
        "type": "LineString",
        "coordinates": [
          [
            121.3213742,
            28.489299
          ],
          [
            121.3212885,
            28.4888747
          ]
        ]
      }
    },
    {
      "type": "Feature",
      "properties": {
        "id": "1227724403",
        "name": "温岭北联络线",
        "railway": "rail",
        "source": "osm",
        "ref": "7612"
      },
      "geometry": {
        "type": "LineString",
        "coordinates": [
          [
            121.3215937,
            28.488721
          ],
          [
            121.321926,
            28.4911092
          ],
          [
            121.3220262,
            28.4916795
          ],
          [
            121.3221555,
            28.4922472
          ],
          [
            121.3223962,
            28.4931774
          ],
          [
            121.3224984,
            28.4935725
          ],
          [
            121.3226301,
            28.4941826
          ],
          [
            121.3238228,
            28.5004766
          ],
          [
            121.3239373,
            28.5011832
          ],
          [
            121.3240132,
            28.5018168
          ],
          [
            121.3240622,
            28.5024216
          ],
          [
            121.3240523,
            28.5030291
          ],
          [
            121.323989,
            28.5037494
          ],
          [
            121.3238801,
            28.5044191
          ],
          [
            121.3230809,
            28.5081273
          ]
        ]
      }
    },
    {
      "type": "Feature",
      "properties": {
        "id": "1227724404",
        "name": "温岭北联络线",
        "railway": "rail",
        "source": "osm",
        "ref": "7612"
      },
      "geometry": {
        "type": "LineString",
        "coordinates": [
          [
            121.3213629,
            28.4870474
          ],
          [
            121.3215518,
            28.4884176
          ],
          [
            121.3215937,
            28.488721
          ]
        ]
      }
    },
    {
      "type": "Feature",
      "properties": {
        "id": "1227724405",
        "name": "温岭北联络线",
        "railway": "rail",
        "source": "osm",
        "ref": "7612"
      },
      "geometry": {
        "type": "LineString",
        "coordinates": [
          [
            121.3257556,
            28.5170909
          ],
          [
            121.3272766,
            28.5189352
          ],
          [
            121.3277171,
            28.5195318
          ],
          [
            121.3281805,
            28.5202381
          ],
          [
            121.3285288,
            28.5208394
          ],
          [
            121.3288564,
            28.521475
          ],
          [
            121.3291109,
            28.5220856
          ],
          [
            121.3293685,
            28.522778
          ],
          [
            121.3300848,
            28.5249823
          ],
          [
            121.3310712,
            28.5280656
          ]
        ]
      }
    },
    {
      "type": "Feature",
      "properties": {
        "id": "1227724406",
        "name": "温岭北联络线",
        "railway": "rail",
        "source": "osm",
        "ref": "7612"
      },
      "geometry": {
        "type": "LineString",
        "coordinates": [
          [
            121.323723,
            28.5141887
          ],
          [
            121.3239702,
            28.5146705
          ],
          [
            121.3241906,
            28.5150683
          ],
          [
            121.3244652,
            28.5154951
          ],
          [
            121.3247732,
            28.5158996
          ]
        ]
      }
    },
    {
      "type": "Feature",
      "properties": {
        "id": "1227724407",
        "name": "温岭北联络线",
        "railway": "rail",
        "source": "osm",
        "ref": "7612"
      },
      "geometry": {
        "type": "LineString",
        "coordinates": [
          [
            121.3230809,
            28.5081273
          ],
          [
            121.3227581,
            28.5095674
          ],
          [
            121.3226757,
            28.5101226
          ],
          [
            121.3226456,
            28.5106037
          ],
          [
            121.3226668,
            28.5110972
          ],
          [
            121.3227492,
            28.5116651
          ],
          [
            121.3228667,
            28.5121979
          ],
          [
            121.3230336,
            28.5127106
          ],
          [
            121.323216,
            28.5131523
          ],
          [
            121.323723,
            28.5141887
          ]
        ]
      }
    },
    {
      "type": "Feature",
      "properties": {
        "id": "1227724408",
        "name": "",
        "railway": "rail",
        "source": "osm"
      },
      "geometry": {
        "type": "LineString",
        "coordinates": [
          [
            121.3300848,
            28.5249823
          ],
          [
            121.3303794,
            28.5261067
          ]
        ]
      }
    },
    {
      "type": "Feature",
      "properties": {
        "id": "1227724409",
        "name": "",
        "railway": "rail",
        "source": "osm"
      },
      "geometry": {
        "type": "LineString",
        "coordinates": [
          [
            121.321161,
            28.4882303
          ],
          [
            121.3210374,
            28.4873518
          ],
          [
            121.3207878,
            28.4856429
          ],
          [
            121.3206557,
            28.4849068
          ],
          [
            121.3198847,
            28.4809971
          ],
          [
            121.3197747,
            28.4805352
          ],
          [
            121.3194283,
            28.4791831
          ],
          [
            121.3191801,
            28.4782204
          ]
        ]
      }
    },
    {
      "type": "Feature",
      "properties": {
        "id": "1227724410",
        "name": "",
        "railway": "rail",
        "source": "osm"
      },
      "geometry": {
        "type": "LineString",
        "coordinates": [
          [
            121.3210374,
            28.4873518
          ],
          [
            121.3208444,
            28.485632
          ],
          [
            121.3207191,
            28.4849012
          ],
          [
            121.3198967,
            28.4807766
          ],
          [
            121.319621,
            28.4793941
          ],
          [
            121.3195426,
            28.4788489
          ],
          [
            121.3192913,
            28.4769254
          ]
        ]
      }
    },
    {
      "type": "Feature",
      "properties": {
        "id": "1227724413",
        "name": "",
        "railway": "rail",
        "source": "osm"
      },
      "geometry": {
        "type": "LineString",
        "coordinates": [
          [
            121.3189958,
            28.4782458
          ],
          [
            121.3191388,
            28.4792439
          ],
          [
            121.3193117,
            28.4806859
          ],
          [
            121.3193792,
            28.4811063
          ],
          [
            121.3201669,
            28.4849214
          ],
          [
            121.3202947,
            28.4854708
          ],
          [
            121.3209054,
            28.4877517
          ]
        ]
      }
    },
    {
      "type": "Feature",
      "properties": {
        "id": "1230520966",
        "name": "台州市域铁路S2线",
        "railway": "construction",
        "source": "osm"
      },
      "geometry": {
        "type": "LineString",
        "coordinates": [
          [
            121.5790405,
            28.5516088
          ],
          [
            121.5786583,
            28.5518264
          ],
          [
            121.5768533,
            28.5529455
          ],
          [
            121.5748076,
            28.554301
          ],
          [
            121.5717922,
            28.5566449
          ],
          [
            121.5683592,
            28.5597846
          ],
          [
            121.5654005,
            28.5626755
          ],
          [
            121.5630292,
            28.5650006
          ],
          [
            121.5620587,
            28.5660003
          ],
          [
            121.5606289,
            28.5674052
          ],
          [
            121.5599706,
            28.568145
          ],
          [
            121.5592061,
            28.5691086
          ],
          [
            121.5584912,
            28.5700784
          ],
          [
            121.5580028,
            28.5707933
          ],
          [
            121.5575852,
            28.5715827
          ],
          [
            121.5569056,
            28.5729938
          ],
          [
            121.5565022,
            28.5740568
          ],
          [
            121.5547538,
            28.5788681
          ],
          [
            121.5531612,
            28.5833
          ],
          [
            121.5513737,
            28.5880468
          ],
          [
            121.5506227,
            28.5899498
          ],
          [
            121.5492816,
            28.5937368
          ],
          [
            121.5484126,
            28.5960542
          ],
          [
            121.5474255,
            28.5992852
          ],
          [
            121.5464063,
            28.6026292
          ],
          [
            121.5457733,
            28.6046826
          ],
          [
            121.5453334,
            28.6062556
          ],
          [
            121.5445716,
            28.6100232
          ],
          [
            121.5432949,
            28.6163808
          ],
          [
            121.5420074,
            28.6227756
          ],
          [
            121.5407093,
            28.629396
          ],
          [
            121.5393574,
            28.636355
          ],
          [
            121.5387224,
            28.6392393
          ],
          [
            121.538472,
            28.6402237
          ],
          [
            121.538326,
            28.6407762
          ],
          [
            121.5381002,
            28.641382
          ],
          [
            121.5379702,
            28.641659
          ],
          [
            121.5378416,
            28.6419104
          ],
          [
            121.5376074,
            28.6421862
          ],
          [
            121.5373693,
            28.6424302
          ],
          [
            121.5369479,
            28.6428447
          ],
          [
            121.5366545,
            28.6430514
          ],
          [
            121.5363248,
            28.6432908
          ],
          [
            121.5357108,
            28.6435979
          ],
          [
            121.5353726,
            28.6437324
          ],
          [
            121.5350107,
            28.6438784
          ],
          [
            121.534085,
            28.6440306
          ],
          [
            121.5333481,
            28.6440502
          ],
          [
            121.53285,
            28.644
          ],
          [
            121.5297541,
            28.6436021
          ],
          [
            121.5252678,
            28.6429507
          ],
          [
            121.5243492,
            28.6428205
          ],
          [
            121.5185957,
            28.6419844
          ],
          [
            121.5157003,
            28.6415499
          ],
          [
            121.5140845,
            28.6412999
          ],
          [
            121.5085538,
            28.6403509
          ],
          [
            121.5037205,
            28.63956
          ],
          [
            121.4970954,
            28.6384112
          ],
          [
            121.4944561,
            28.6379639
          ],
          [
            121.4909842,
            28.6374764
          ],
          [
            121.4895084,
            28.6373087
          ],
          [
            121.4890734,
            28.6372802
          ],
          [
            121.4886506,
            28.6372695
          ],
          [
            121.4882034,
            28.6372766
          ],
          [
            121.4878514,
            28.637314
          ],
          [
            121.4874791,
            28.6373801
          ],
          [
            121.4871098,
            28.6374871
          ],
          [
            121.4867761,
            28.6376317
          ],
          [
            121.4863397,
            28.6378185
          ],
          [
            121.486008,
            28.6379974
          ],
          [
            121.4857452,
            28.6381565
          ],
          [
            121.4854607,
            28.6383821
          ],
          [
            121.4853006,
            28.638523
          ],
          [
            121.4852317,
            28.6385972
          ],
          [
            121.4850868,
            28.638784
          ],
          [
            121.4849281,
            28.639039
          ],
          [
            121.4843782,
            28.6402747
          ],
          [
            121.4837504,
            28.6418383
          ],
          [
            121.483065,
            28.6439002
          ],
          [
            121.4826168,
            28.6452072
          ],
          [
            121.4822352,
            28.6462681
          ],
          [
            121.481974,
            28.6471475
          ],
          [
            121.4813137,
            28.6490267
          ],
          [
            121.4810608,
            28.6496052
          ],
          [
            121.4806915,
            28.6501348
          ],
          [
            121.4803585,
            28.650519
          ],
          [
            121.4800524,
            28.6508171
          ],
          [
            121.4797431,
            28.6510548
          ],
          [
            121.4794887,
            28.6512486
          ],
          [
            121.4793854,
            28.6513157
          ],
          [
            121.4791201,
            28.6514394
          ],
          [
            121.4789491,
            28.6515155
          ],
          [
            121.4787172,
            28.6516295
          ],
          [
            121.478232,
            28.6518402
          ],
          [
            121.4776283,
            28.6519274
          ],
          [
            121.4768254,
            28.6519828
          ],
          [
            121.4699012,
            28.6515399
          ],
          [
            121.4600102,
            28.6508965
          ],
          [
            121.4587353,
            28.6508187
          ],
          [
            121.4577125,
            28.650835
          ],
          [
            121.456475,
            28.6509334
          ],
          [
            121.4539475,
            28.6512221
          ],
          [
            121.4508326,
            28.6516688
          ],
          [
            121.4463074,
            28.6522917
          ],
          [
            121.4422302,
            28.6528555
          ],
          [
            121.4356547,
            28.6536932
          ],
          [
            121.4297471,
            28.6544637
          ],
          [
            121.4279539,
            28.6546973
          ],
          [
            121.4269732,
            28.6548653
          ],
          [
            121.4232605,
            28.6555087
          ],
          [
            121.4158072,
            28.6569348
          ],
          [
            121.4097596,
            28.658033
          ],
          [
            121.408013,
            28.6583895
          ],
          [
            121.4073171,
            28.6585002
          ],
          [
            121.406584,
            28.658578
          ],
          [
            121.4054351,
            28.6586354
          ],
          [
            121.4000646,
            28.658746
          ],
          [
            121.3936457,
            28.6588875
          ],
          [
            121.3889995,
            28.6589848
          ],
          [
            121.3846886,
            28.659088
          ],
          [
            121.3837921,
            28.6590826
          ],
          [
            121.3832714,
            28.6590475
          ],
          [
            121.3828985,
            28.6590259
          ],
          [
            121.3824515,
            28.6589752
          ],
          [
            121.3821517,
            28.6589327
          ],
          [
            121.3817483,
            28.658818
          ],
          [
            121.3814355,
            28.6587037
          ],
          [
            121.3793333,
            28.6578091
          ],
          [
            121.3776203,
            28.6572319
          ],
          [
            121.3759518,
            28.6566407
          ],
          [
            121.37239,
            28.6550119
          ],
          [
            121.3721228,
            28.6548788
          ],
          [
            121.371783,
            28.6546865
          ],
          [
            121.3715967,
            28.6545583
          ],
          [
            121.3714503,
            28.6544733
          ],
          [
            121.3713377,
            28.6544109
          ],
          [
            121.371242,
            28.6543563
          ],
          [
            121.3711124,
            28.6542932
          ],
          [
            121.3710159,
            28.6542461
          ],
          [
            121.3709468,
            28.6542121
          ],
          [
            121.3708396,
            28.6541726
          ],
          [
            121.3707309,
            28.6541454
          ],
          [
            121.3706109,
            28.6541257
          ],
          [
            121.3705033,
            28.6541227
          ],
          [
            121.3704274,
            28.6541287
          ],
          [
            121.3702549,
            28.6541507
          ],
          [
            121.3701086,
            28.6541734
          ],
          [
            121.3699417,
            28.6542116
          ],
          [
            121.369696,
            28.6542859
          ],
          [
            121.3689305,
            28.6545666
          ],
          [
            121.3684837,
            28.6547678
          ],
          [
            121.3672426,
            28.6554348
          ],
          [
            121.3581758,
            28.6616115
          ],
          [
            121.3565685,
            28.6626444
          ],
          [
            121.3521102,
            28.6663089
          ],
          [
            121.3501068,
            28.6679975
          ],
          [
            121.3492301,
            28.668567
          ],
          [
            121.3485412,
            28.6689283
          ],
          [
            121.3477666,
            28.6691753
          ],
          [
            121.3468288,
            28.6694168
          ],
          [
            121.3446743,
            28.6694215
          ],
          [
            121.3413222,
            28.6689326
          ],
          [
            121.3401554,
            28.66878
          ],
          [
            121.3388327,
            28.6686073
          ],
          [
            121.3377607,
            28.6684804
          ],
          [
            121.3366436,
            28.6684186
          ],
          [
            121.3356973,
            28.6684836
          ],
          [
            121.3351704,
            28.6686067
          ],
          [
            121.3349239,
            28.6686919
          ],
          [
            121.3344713,
            28.6688426
          ],
          [
            121.3336887,
            28.6693103
          ],
          [
            121.333243,
            28.6695899
          ],
          [
            121.3325984,
            28.6702253
          ],
          [
            121.3320013,
            28.6710704
          ],
          [
            121.3317517,
            28.6716199
          ],
          [
            121.3314152,
            28.6724342
          ],
          [
            121.3302791,
            28.6759289
          ],
          [
            121.3296892,
            28.6775269
          ],
          [
            121.3291459,
            28.6792133
          ],
          [
            121.3286568,
            28.6806237
          ],
          [
            121.3282008,
            28.6811643
          ],
          [
            121.3274614,
            28.6818347
          ],
          [
            121.3261427,
            28.6826455
          ],
          [
            121.3220717,
            28.6850285
          ],
          [
            121.3209334,
            28.6856562
          ],
          [
            121.3197625,
            28.6863267
          ],
          [
            121.3186242,
            28.686826
          ],
          [
            121.3011658,
            28.6955029
          ],
          [
            121.296667,
            28.6965951
          ],
          [
            121.2955174,
            28.6968575
          ],
          [
            121.2932468,
            28.697467
          ],
          [
            121.291991,
            28.6976247
          ],
          [
            121.2910942,
            28.6977993
          ],
          [
            121.2896995,
            28.6977804
          ],
          [
            121.288691,
            28.697611
          ],
          [
            121.2875558,
            28.6971103
          ],
          [
            121.2869336,
            28.6966585
          ],
          [
            121.2865688,
            28.6960186
          ],
          [
            121.2864186,
            28.6955668
          ],
          [
            121.2863757,
            28.6949081
          ],
          [
            121.286392,
            28.6941848
          ],
          [
            121.2867353,
            28.6921614
          ],
          [
            121.2875185,
            28.6875967
          ],
          [
            121.2884198,
            28.6821847
          ],
          [
            121.2890635,
            28.677855
          ],
          [
            121.2897609,
            28.6732897
          ],
          [
            121.2901452,
            28.6710393
          ],
          [
            121.290843,
            28.666755
          ],
          [
            121.2909127,
            28.6663079
          ],
          [
            121.2909342,
            28.6658278
          ],
          [
            121.2908698,
            28.6654041
          ],
          [
            121.2908162,
            28.6651358
          ],
          [
            121.2907035,
            28.6649052
          ],
          [
            121.2906016,
            28.6647358
          ],
          [
            121.2904688,
            28.6645989
          ],
          [
            121.2902493,
            28.6644498
          ],
          [
            121.2899379,
            28.6643132
          ],
          [
            121.2895322,
            28.6641711
          ],
          [
            121.2882662,
            28.6638422
          ],
          [
            121.2826603,
            28.6624254
          ],
          [
            121.2778485,
            28.6612345
          ],
          [
            121.2742313,
            28.6603282
          ],
          [
            121.2735635,
            28.6601131
          ],
          [
            121.2728583,
            28.6598303
          ],
          [
            121.2722931,
            28.659573
          ],
          [
            121.2721277,
            28.6594835
          ],
          [
            121.2668622,
            28.6562242
          ],
          [
            121.2657927,
            28.6555398
          ],
          [
            121.2654378,
            28.65538
          ],
          [
            121.2648354,
            28.6552694
          ],
          [
            121.2640695,
            28.6551915
          ],
          [
            121.2630848,
            28.6550883
          ],
          [
            121.2614888,
            28.6548612
          ],
          [
            121.2607464,
            28.6547495
          ],
          [
            121.2585063,
            28.6542108
          ],
          [
            121.2565346,
            28.6537114
          ],
          [
            121.2557255,
            28.6535437
          ],
          [
            121.2544246,
            28.653351
          ],
          [
            121.2526114,
            28.6531227
          ],
          [
            121.2510909,
            28.6529194
          ],
          [
            121.2491801,
            28.6527695
          ],
          [
            121.2476922,
            28.6527338
          ],
          [
            121.2457692,
            28.6526625
          ],
          [
            121.2425079,
            28.6526619
          ],
          [
            121.2408905,
            28.6526681
          ],
          [
            121.2404764,
            28.6526433
          ],
          [
            121.2397438,
            28.6525532
          ],
          [
            121.2387498,
            28.6524296
          ],
          [
            121.2382617,
            28.6523919
          ],
          [
            121.2373926,
            28.6523637
          ],
          [
            121.2349625,
            28.6523731
          ],
          [
            121.2333583,
            28.652375
          ],
          [
            121.2318785,
            28.6523929
          ],
          [
            121.2300368,
            28.6523893
          ],
          [
            121.2295652,
            28.6524214
          ],
          [
            121.2285489,
            28.6525463
          ],
          [
            121.2274878,
            28.6526783
          ],
          [
            121.2269918,
            28.6526919
          ],
          [
            121.2219284,
            28.6527113
          ],
          [
            121.2151082,
            28.6527362
          ],
          [
            121.2120487,
            28.6527389
          ],
          [
            121.2089122,
            28.6527497
          ],
          [
            121.2053597,
            28.6527794
          ],
          [
            121.2012804,
            28.6527794
          ],
          [
            121.199934,
            28.6527659
          ],
          [
            121.198461,
            28.6526889
          ],
          [
            121.1952439,
            28.6525181
          ],
          [
            121.1938424,
            28.6524684
          ],
          [
            121.1917047,
            28.652425
          ],
          [
            121.191,
            28.6524087
          ],
          [
            121.1885452,
            28.6522733
          ],
          [
            121.1872291,
            28.6520907
          ],
          [
            121.1855015,
            28.6518469
          ],
          [
            121.1828978,
            28.6515441
          ],
          [
            121.179354,
            28.6511149
          ],
          [
            121.1763083,
            28.6507203
          ],
          [
            121.174198,
            28.650377
          ],
          [
            121.1721101,
            28.6499775
          ],
          [
            121.1692883,
            28.6491125
          ],
          [
            121.1608695,
            28.6463915
          ],
          [
            121.158124,
            28.6455063
          ],
          [
            121.1557234,
            28.6447001
          ],
          [
            121.153688,
            28.6439514
          ],
          [
            121.1516882,
            28.6429608
          ],
          [
            121.1496465,
            28.6417875
          ],
          [
            121.1474158,
            28.6404919
          ],
          [
            121.1439861,
            28.6384239
          ],
          [
            121.1379384,
            28.6349413
          ],
          [
            121.13548,
            28.6335692
          ],
          [
            121.1338598,
            28.6327506
          ],
          [
            121.1321276,
            28.6322042
          ],
          [
            121.1245972,
            28.6299305
          ],
          [
            121.1208634,
            28.6288019
          ],
          [
            121.1195451,
            28.6283694
          ],
          [
            121.1183252,
            28.6279794
          ],
          [
            121.116947,
            28.6276553
          ],
          [
            121.1153197,
            28.6272959
          ],
          [
            121.114192,
            28.6271439
          ],
          [
            121.1133755,
            28.6271151
          ],
          [
            121.1120614,
            28.627148
          ],
          [
            121.1109095,
            28.6271584
          ],
          [
            121.1098587,
            28.6272392
          ],
          [
            121.1089216,
            28.6272975
          ],
          [
            121.1084927,
            28.6273343
          ],
          [
            121.1071552,
            28.6275746
          ],
          [
            121.1057445,
            28.6278427
          ]
        ]
      }
    },
    {
      "type": "Feature",
      "properties": {
        "id": "1268871403",
        "name": "",
        "railway": "rail",
        "source": "osm"
      },
      "geometry": {
        "type": "LineString",
        "coordinates": [
          [
            121.2548346,
            28.7507948
          ],
          [
            121.2552326,
            28.7507559
          ],
          [
            121.2556392,
            28.7506824
          ],
          [
            121.2560802,
            28.7505769
          ],
          [
            121.2565695,
            28.7504526
          ],
          [
            121.2570045,
            28.7503089
          ],
          [
            121.2588772,
            28.7497
          ],
          [
            121.2597356,
            28.7492945
          ]
        ]
      }
    },
    {
      "type": "Feature",
      "properties": {
        "id": "1268871404",
        "name": "",
        "railway": "rail",
        "source": "osm"
      },
      "geometry": {
        "type": "LineString",
        "coordinates": [
          [
            121.2503663,
            28.7514096
          ],
          [
            121.2521721,
            28.7508137
          ],
          [
            121.2524174,
            28.7507561
          ],
          [
            121.2527375,
            28.7506994
          ],
          [
            121.2531527,
            28.7506902
          ],
          [
            121.2534811,
            28.750709
          ],
          [
            121.2538396,
            28.7507296
          ],
          [
            121.2539667,
            28.7507379
          ],
          [
            121.2542602,
            28.7507572
          ]
        ]
      }
    },
    {
      "type": "Feature",
      "properties": {
        "id": "1268871405",
        "name": "",
        "railway": "rail",
        "source": "osm"
      },
      "geometry": {
        "type": "LineString",
        "coordinates": [
          [
            121.2542602,
            28.7507572
          ],
          [
            121.2548346,
            28.7507948
          ]
        ]
      }
    },
    {
      "type": "Feature",
      "properties": {
        "id": "1268871406",
        "name": "",
        "railway": "rail",
        "source": "osm"
      },
      "geometry": {
        "type": "LineString",
        "coordinates": [
          [
            121.2542946,
            28.7508162
          ],
          [
            121.2542876,
            28.7508165
          ],
          [
            121.2539278,
            28.7508582
          ],
          [
            121.2535419,
            28.7509599
          ],
          [
            121.2505936,
            28.7519192
          ]
        ]
      }
    },
    {
      "type": "Feature",
      "properties": {
        "id": "1268871407",
        "name": "",
        "railway": "rail",
        "source": "osm"
      },
      "geometry": {
        "type": "LineString",
        "coordinates": [
          [
            121.2548346,
            28.7507948
          ],
          [
            121.2542946,
            28.7508162
          ]
        ]
      }
    },
    {
      "type": "Feature",
      "properties": {
        "id": "1268871408",
        "name": "金台铁路头门港支线",
        "railway": "rail",
        "source": "osm"
      },
      "geometry": {
        "type": "LineString",
        "coordinates": [
          [
            121.2473537,
            28.7535633
          ],
          [
            121.2468767,
            28.7537166
          ],
          [
            121.2467685,
            28.753749
          ]
        ]
      }
    },
    {
      "type": "Feature",
      "properties": {
        "id": "1268871409",
        "name": "金台线",
        "railway": "rail",
        "source": "osm",
        "ref": "0628"
      },
      "geometry": {
        "type": "LineString",
        "coordinates": [
          [
            121.2467316,
            28.7537003
          ],
          [
            121.2451352,
            28.7542183
          ],
          [
            121.2446449,
            28.7543873
          ],
          [
            121.2442783,
            28.7545068
          ]
        ]
      }
    },
    {
      "type": "Feature",
      "properties": {
        "id": "1268871410",
        "name": "金台线",
        "railway": "rail",
        "source": "osm",
        "ref": "0628"
      },
      "geometry": {
        "type": "LineString",
        "coordinates": [
          [
            121.2473214,
            28.7535117
          ],
          [
            121.2467316,
            28.7537003
          ]
        ]
      }
    },
    {
      "type": "Feature",
      "properties": {
        "id": "1268871411",
        "name": "金台线",
        "railway": "rail",
        "source": "osm",
        "ref": "0628"
      },
      "geometry": {
        "type": "LineString",
        "coordinates": [
          [
            121.2543689,
            28.7512315
          ],
          [
            121.2537516,
            28.7514248
          ],
          [
            121.2496967,
            28.752743
          ]
        ]
      }
    },
    {
      "type": "Feature",
      "properties": {
        "id": "1268871412",
        "name": "金台线",
        "railway": "rail",
        "source": "osm",
        "ref": "0628"
      },
      "geometry": {
        "type": "LineString",
        "coordinates": [
          [
            121.2548958,
            28.7510606
          ],
          [
            121.2543689,
            28.7512315
          ]
        ]
      }
    },
    {
      "type": "Feature",
      "properties": {
        "id": "1268871413",
        "name": "金台线",
        "railway": "rail",
        "source": "osm",
        "ref": "0628"
      },
      "geometry": {
        "type": "LineString",
        "coordinates": [
          [
            121.2607867,
            28.749078
          ],
          [
            121.2594119,
            28.749575
          ],
          [
            121.2579439,
            28.7500664
          ],
          [
            121.2571795,
            28.7503154
          ],
          [
            121.2565696,
            28.7505141
          ],
          [
            121.2562648,
            28.7506121
          ],
          [
            121.2558547,
            28.7507455
          ],
          [
            121.2554499,
            28.7508764
          ],
          [
            121.2553036,
            28.7509271
          ],
          [
            121.2548958,
            28.7510606
          ]
        ]
      }
    },
    {
      "type": "Feature",
      "properties": {
        "id": "1268871414",
        "name": "金台线",
        "railway": "rail",
        "source": "osm",
        "ref": "0628"
      },
      "geometry": {
        "type": "LineString",
        "coordinates": [
          [
            121.2651933,
            28.7469023
          ],
          [
            121.2643824,
            28.7474555
          ],
          [
            121.2635072,
            28.747962
          ],
          [
            121.2626976,
            28.7483456
          ],
          [
            121.2617936,
            28.7487218
          ],
          [
            121.2607867,
            28.749078
          ]
        ]
      }
    },
    {
      "type": "Feature",
      "properties": {
        "id": "1268871415",
        "name": "",
        "railway": "rail",
        "source": "osm"
      },
      "geometry": {
        "type": "LineString",
        "coordinates": [
          [
            121.2553253,
            28.7509801
          ],
          [
            121.2558547,
            28.7507455
          ]
        ]
      }
    },
    {
      "type": "Feature",
      "properties": {
        "id": "1268871416",
        "name": "",
        "railway": "rail",
        "source": "osm"
      },
      "geometry": {
        "type": "LineString",
        "coordinates": [
          [
            121.2562648,
            28.7506121
          ],
          [
            121.2570045,
            28.7503089
          ]
        ]
      }
    },
    {
      "type": "Feature",
      "properties": {
        "id": "1268871417",
        "name": "",
        "railway": "rail",
        "source": "osm"
      },
      "geometry": {
        "type": "LineString",
        "coordinates": [
          [
            121.2496857,
            28.7527093
          ],
          [
            121.250001,
            28.7526084
          ],
          [
            121.252761,
            28.7516988
          ],
          [
            121.254305,
            28.7512046
          ],
          [
            121.2543425,
            28.7511926
          ]
        ]
      }
    },
    {
      "type": "Feature",
      "properties": {
        "id": "1268871418",
        "name": "",
        "railway": "rail",
        "source": "osm"
      },
      "geometry": {
        "type": "LineString",
        "coordinates": [
          [
            121.2548606,
            28.7510239
          ],
          [
            121.2553036,
            28.7509271
          ]
        ]
      }
    },
    {
      "type": "Feature",
      "properties": {
        "id": "1268871419",
        "name": "",
        "railway": "rail",
        "source": "osm"
      },
      "geometry": {
        "type": "LineString",
        "coordinates": [
          [
            121.2548606,
            28.7510239
          ],
          [
            121.2565695,
            28.7504526
          ]
        ]
      }
    },
    {
      "type": "Feature",
      "properties": {
        "id": "1268871420",
        "name": "",
        "railway": "rail",
        "source": "osm"
      },
      "geometry": {
        "type": "LineString",
        "coordinates": [
          [
            121.2543425,
            28.7511926
          ],
          [
            121.2548606,
            28.7510239
          ]
        ]
      }
    },
    {
      "type": "Feature",
      "properties": {
        "id": "1268871421",
        "name": "",
        "railway": "rail",
        "source": "osm"
      },
      "geometry": {
        "type": "LineString",
        "coordinates": [
          [
            121.2543425,
            28.7511926
          ],
          [
            121.2538119,
            28.7513166
          ],
          [
            121.2496707,
            28.7526606
          ]
        ]
      }
    },
    {
      "type": "Feature",
      "properties": {
        "id": "1268871422",
        "name": "",
        "railway": "rail",
        "source": "osm"
      },
      "geometry": {
        "type": "LineString",
        "coordinates": [
          [
            121.2442783,
            28.7545068
          ],
          [
            121.2445423,
            28.7543776
          ],
          [
            121.2448765,
            28.7542515
          ],
          [
            121.2453306,
            28.7541087
          ],
          [
            121.2466989,
            28.7536643
          ]
        ]
      }
    },
    {
      "type": "Feature",
      "properties": {
        "id": "1268871423",
        "name": "",
        "railway": "rail",
        "source": "osm"
      },
      "geometry": {
        "type": "LineString",
        "coordinates": [
          [
            121.2466989,
            28.7536643
          ],
          [
            121.2467877,
            28.7536372
          ],
          [
            121.2472879,
            28.753477
          ]
        ]
      }
    },
    {
      "type": "Feature",
      "properties": {
        "id": "1268871424",
        "name": "",
        "railway": "rail",
        "source": "osm"
      },
      "geometry": {
        "type": "LineString",
        "coordinates": [
          [
            121.2466848,
            28.7536289
          ],
          [
            121.2462909,
            28.7537559
          ],
          [
            121.2455243,
            28.7539963
          ],
          [
            121.2448765,
            28.7542515
          ]
        ]
      }
    },
    {
      "type": "Feature",
      "properties": {
        "id": "1268871425",
        "name": "",
        "railway": "rail",
        "source": "osm"
      },
      "geometry": {
        "type": "LineString",
        "coordinates": [
          [
            121.2472703,
            28.7534396
          ],
          [
            121.2469738,
            28.7535358
          ],
          [
            121.2466848,
            28.7536289
          ]
        ]
      }
    },
    {
      "type": "Feature",
      "properties": {
        "id": "1268871426",
        "name": "",
        "railway": "rail",
        "source": "osm"
      },
      "geometry": {
        "type": "LineString",
        "coordinates": [
          [
            121.2543992,
            28.751323
          ],
          [
            121.2543269,
            28.7513512
          ],
          [
            121.2497376,
            28.7528333
          ]
        ]
      }
    },
    {
      "type": "Feature",
      "properties": {
        "id": "1268871427",
        "name": "金台铁路头门港支线",
        "railway": "rail",
        "source": "osm"
      },
      "geometry": {
        "type": "LineString",
        "coordinates": [
          [
            121.2467685,
            28.753749
          ],
          [
            121.2463973,
            28.7538704
          ],
          [
            121.2447137,
            28.7544182
          ],
          [
            121.2442989,
            28.7545521
          ]
        ]
      }
    },
    {
      "type": "Feature",
      "properties": {
        "id": "1268871428",
        "name": "金台线",
        "railway": "rail",
        "source": "osm",
        "ref": "0628"
      },
      "geometry": {
        "type": "LineString",
        "coordinates": [
          [
            121.2442783,
            28.7545068
          ],
          [
            121.2437407,
            28.7546821
          ]
        ]
      }
    },
    {
      "type": "Feature",
      "properties": {
        "id": "1268871429",
        "name": "金台铁路头门港支线",
        "railway": "rail",
        "source": "osm"
      },
      "geometry": {
        "type": "LineString",
        "coordinates": [
          [
            121.2437647,
            28.7547249
          ],
          [
            121.2431367,
            28.7549137
          ]
        ]
      }
    },
    {
      "type": "Feature",
      "properties": {
        "id": "1268871430",
        "name": "金台铁路头门港支线",
        "railway": "rail",
        "source": "osm"
      },
      "geometry": {
        "type": "LineString",
        "coordinates": [
          [
            121.2442989,
            28.7545521
          ],
          [
            121.243921,
            28.7546733
          ],
          [
            121.2437647,
            28.7547249
          ]
        ]
      }
    },
    {
      "type": "Feature",
      "properties": {
        "id": "1268871431",
        "name": "",
        "railway": "rail",
        "source": "osm"
      },
      "geometry": {
        "type": "LineString",
        "coordinates": [
          [
            121.243921,
            28.7546733
          ],
          [
            121.243204,
            28.7548327
          ]
        ]
      }
    },
    {
      "type": "Feature",
      "properties": {
        "id": "1268871432",
        "name": "",
        "railway": "rail",
        "source": "osm"
      },
      "geometry": {
        "type": "LineString",
        "coordinates": [
          [
            121.2467813,
            28.7537881
          ],
          [
            121.2453302,
            28.7542805
          ],
          [
            121.2447137,
            28.7544182
          ]
        ]
      }
    },
    {
      "type": "Feature",
      "properties": {
        "id": "1268871433",
        "name": "",
        "railway": "rail",
        "source": "osm"
      },
      "geometry": {
        "type": "LineString",
        "coordinates": [
          [
            121.2473812,
            28.7535943
          ],
          [
            121.2467813,
            28.7537881
          ]
        ]
      }
    },
    {
      "type": "Feature",
      "properties": {
        "id": "1268871434",
        "name": "",
        "railway": "rail",
        "source": "osm"
      },
      "geometry": {
        "type": "LineString",
        "coordinates": [
          [
            121.2493508,
            28.7529582
          ],
          [
            121.2473812,
            28.7535943
          ]
        ]
      }
    },
    {
      "type": "Feature",
      "properties": {
        "id": "1268871435",
        "name": "金台铁路头门港支线",
        "railway": "rail",
        "source": "osm"
      },
      "geometry": {
        "type": "LineString",
        "coordinates": [
          [
            121.2493759,
            28.7529091
          ],
          [
            121.2473537,
            28.7535633
          ]
        ]
      }
    },
    {
      "type": "Feature",
      "properties": {
        "id": "1268871436",
        "name": "金台线",
        "railway": "rail",
        "source": "osm",
        "ref": "0628"
      },
      "geometry": {
        "type": "LineString",
        "coordinates": [
          [
            121.2493723,
            28.7528485
          ],
          [
            121.2475903,
            28.7534237
          ],
          [
            121.2473214,
            28.7535117
          ]
        ]
      }
    },
    {
      "type": "Feature",
      "properties": {
        "id": "1268871437",
        "name": "",
        "railway": "rail",
        "source": "osm"
      },
      "geometry": {
        "type": "LineString",
        "coordinates": [
          [
            121.2472879,
            28.753477
          ],
          [
            121.2493705,
            28.7528103
          ]
        ]
      }
    },
    {
      "type": "Feature",
      "properties": {
        "id": "1268871438",
        "name": "",
        "railway": "rail",
        "source": "osm"
      },
      "geometry": {
        "type": "LineString",
        "coordinates": [
          [
            121.2493904,
            28.7527516
          ],
          [
            121.2472703,
            28.7534396
          ]
        ]
      }
    },
    {
      "type": "Feature",
      "properties": {
        "id": "1268871439",
        "name": "",
        "railway": "rail",
        "source": "osm"
      },
      "geometry": {
        "type": "LineString",
        "coordinates": [
          [
            121.2496707,
            28.7526606
          ],
          [
            121.2493904,
            28.7527516
          ]
        ]
      }
    },
    {
      "type": "Feature",
      "properties": {
        "id": "1268871440",
        "name": "",
        "railway": "rail",
        "source": "osm"
      },
      "geometry": {
        "type": "LineString",
        "coordinates": [
          [
            121.2493705,
            28.7528103
          ],
          [
            121.2496857,
            28.7527093
          ]
        ]
      }
    },
    {
      "type": "Feature",
      "properties": {
        "id": "1268871441",
        "name": "金台线",
        "railway": "rail",
        "source": "osm",
        "ref": "0628"
      },
      "geometry": {
        "type": "LineString",
        "coordinates": [
          [
            121.2496967,
            28.752743
          ],
          [
            121.2493723,
            28.7528485
          ]
        ]
      }
    },
    {
      "type": "Feature",
      "properties": {
        "id": "1268871442",
        "name": "金台铁路头门港支线",
        "railway": "rail",
        "source": "osm"
      },
      "geometry": {
        "type": "LineString",
        "coordinates": [
          [
            121.2497268,
            28.752795
          ],
          [
            121.2493759,
            28.7529091
          ]
        ]
      }
    },
    {
      "type": "Feature",
      "properties": {
        "id": "1268871443",
        "name": "",
        "railway": "rail",
        "source": "osm"
      },
      "geometry": {
        "type": "LineString",
        "coordinates": [
          [
            121.2497376,
            28.7528333
          ],
          [
            121.2493508,
            28.7529582
          ]
        ]
      }
    },
    {
      "type": "Feature",
      "properties": {
        "id": "1268871445",
        "name": "",
        "railway": "rail",
        "source": "osm"
      },
      "geometry": {
        "type": "LineString",
        "coordinates": [
          [
            121.2549181,
            28.7511076
          ],
          [
            121.2543992,
            28.751323
          ]
        ]
      }
    },
    {
      "type": "Feature",
      "properties": {
        "id": "1273072841",
        "name": "金台铁路头门港支线",
        "railway": "rail",
        "source": "osm"
      },
      "geometry": {
        "type": "LineString",
        "coordinates": [
          [
            121.4762165,
            28.7835166
          ],
          [
            121.4752997,
            28.7834432
          ]
        ]
      }
    },
    {
      "type": "Feature",
      "properties": {
        "id": "1273072842",
        "name": "金台铁路头门港支线",
        "railway": "rail",
        "source": "osm"
      },
      "geometry": {
        "type": "LineString",
        "coordinates": [
          [
            121.4752997,
            28.7834432
          ],
          [
            121.4751757,
            28.7834332
          ]
        ]
      }
    },
    {
      "type": "Feature",
      "properties": {
        "id": "1344954486",
        "name": "金台铁路头门港支线",
        "railway": "rail",
        "source": "osm"
      },
      "geometry": {
        "type": "LineString",
        "coordinates": [
          [
            121.400406,
            28.7537127
          ],
          [
            121.4025112,
            28.7549197
          ]
        ]
      }
    },
    {
      "type": "Feature",
      "properties": {
        "id": "1344954487",
        "name": "金台铁路头门港支线",
        "railway": "rail",
        "source": "osm"
      },
      "geometry": {
        "type": "LineString",
        "coordinates": [
          [
            121.4003137,
            28.7536598
          ],
          [
            121.400406,
            28.7537127
          ]
        ]
      }
    },
    {
      "type": "Feature",
      "properties": {
        "id": "1350624809",
        "name": "杭台高速线",
        "railway": "rail",
        "source": "osm",
        "ref": "3108"
      },
      "geometry": {
        "type": "LineString",
        "coordinates": [
          [
            121.2895733,
            28.3609326
          ],
          [
            121.2897728,
            28.3590553
          ],
          [
            121.290015,
            28.3570678
          ],
          [
            121.2903385,
            28.3548195
          ]
        ]
      }
    },
    {
      "type": "Feature",
      "properties": {
        "id": "1350624810",
        "name": "杭台高速线",
        "railway": "rail",
        "source": "osm",
        "ref": "3108"
      },
      "geometry": {
        "type": "LineString",
        "coordinates": [
          [
            121.3089646,
            28.4405296
          ],
          [
            121.3129048,
            28.4498767
          ],
          [
            121.313366,
            28.4511137
          ],
          [
            121.313721,
            28.4523196
          ],
          [
            121.3139835,
            28.4534171
          ],
          [
            121.3141749,
            28.4544618
          ],
          [
            121.3143338,
            28.4555569
          ],
          [
            121.314422,
            28.456509
          ],
          [
            121.3146387,
            28.460079
          ],
          [
            121.31477,
            28.461202
          ],
          [
            121.3149487,
            28.4622205
          ],
          [
            121.3151793,
            28.4631964
          ],
          [
            121.315426,
            28.4640544
          ],
          [
            121.3165803,
            28.4673205
          ],
          [
            121.3167987,
            28.4680757
          ],
          [
            121.3171506,
            28.4695078
          ]
        ]
      }
    },
    {
      "type": "Feature",
      "properties": {
        "id": "1350630167",
        "name": "杭深线",
        "railway": "rail",
        "source": "osm",
        "ref": "3009"
      },
      "geometry": {
        "type": "LineString",
        "coordinates": [
          [
            121.2523779,
            28.7800279
          ],
          [
            121.2525524,
            28.7795554
          ]
        ]
      }
    },
    {
      "type": "Feature",
      "properties": {
        "id": "1350630168",
        "name": "杭深线",
        "railway": "rail",
        "source": "osm",
        "ref": "3009"
      },
      "geometry": {
        "type": "LineString",
        "coordinates": [
          [
            121.2525524,
            28.7795554
          ],
          [
            121.2533425,
            28.7773941
          ]
        ]
      }
    },
    {
      "type": "Feature",
      "properties": {
        "id": "1351155799",
        "name": "金台线",
        "railway": "rail",
        "source": "osm",
        "ref": "0628"
      },
      "geometry": {
        "type": "LineString",
        "coordinates": [
          [
            121.2992558,
            28.6108075
          ],
          [
            121.3003702,
            28.6013485
          ],
          [
            121.3006744,
            28.5987929
          ],
          [
            121.3008397,
            28.5979541
          ],
          [
            121.3010334,
            28.5971899
          ]
        ]
      }
    },
    {
      "type": "Feature",
      "properties": {
        "id": "1351156676",
        "name": "台州市域铁路S1线",
        "railway": "subway",
        "source": "osm"
      },
      "geometry": {
        "type": "LineString",
        "coordinates": [
          [
            121.3302482,
            28.5292557
          ],
          [
            121.33045,
            28.5289878
          ]
        ]
      }
    },
    {
      "type": "Feature",
      "properties": {
        "id": "1351156677",
        "name": "台州市域铁路S1线",
        "railway": "subway",
        "source": "osm"
      },
      "geometry": {
        "type": "LineString",
        "coordinates": [
          [
            121.3287682,
            28.5311744
          ],
          [
            121.3292013,
            28.5306079
          ]
        ]
      }
    },
    {
      "type": "Feature",
      "properties": {
        "id": "1351156678",
        "name": "台州市域铁路S1线",
        "railway": "subway",
        "source": "osm"
      },
      "geometry": {
        "type": "LineString",
        "coordinates": [
          [
            121.3261911,
            28.5379425
          ],
          [
            121.3260922,
            28.5366686
          ]
        ]
      }
    },
    {
      "type": "Feature",
      "properties": {
        "id": "1351156679",
        "name": "台州市域铁路S1线",
        "railway": "subway",
        "source": "osm"
      },
      "geometry": {
        "type": "LineString",
        "coordinates": [
          [
            121.3264286,
            28.5393451
          ],
          [
            121.3261911,
            28.5379425
          ]
        ]
      }
    },
    {
      "type": "Feature",
      "properties": {
        "id": "1351163232",
        "name": "杭深线",
        "railway": "rail",
        "source": "osm",
        "ref": "3009"
      },
      "geometry": {
        "type": "LineString",
        "coordinates": [
          [
            121.2281346,
            28.8416427
          ],
          [
            121.2281423,
            28.8413806
          ]
        ]
      }
    },
    {
      "type": "Feature",
      "properties": {
        "id": "1351163233",
        "name": "杭深线",
        "railway": "rail",
        "source": "osm",
        "ref": "3009"
      },
      "geometry": {
        "type": "LineString",
        "coordinates": [
          [
            121.2281423,
            28.8413806
          ],
          [
            121.2283457,
            28.8396469
          ]
        ]
      }
    },
    {
      "type": "Feature",
      "properties": {
        "id": "1351164539",
        "name": "杭台高速线",
        "railway": "rail",
        "source": "osm",
        "ref": "3108"
      },
      "geometry": {
        "type": "LineString",
        "coordinates": [
          [
            121.3300408,
            28.7650909
          ],
          [
            121.3304824,
            28.7648665
          ]
        ]
      }
    },
    {
      "type": "Feature",
      "properties": {
        "id": "1351164540",
        "name": "杭台高速线",
        "railway": "rail",
        "source": "osm",
        "ref": "3108"
      },
      "geometry": {
        "type": "LineString",
        "coordinates": [
          [
            121.3305025,
            28.7649215
          ],
          [
            121.3300737,
            28.7651546
          ]
        ]
      }
    },
    {
      "type": "Feature",
      "properties": {
        "id": "1351164541",
        "name": "杭台高速线",
        "railway": "rail",
        "source": "osm",
        "ref": "3108"
      },
      "geometry": {
        "type": "LineString",
        "coordinates": [
          [
            121.2929798,
            28.7758491
          ],
          [
            121.2937144,
            28.775703
          ]
        ]
      }
    },
    {
      "type": "Feature",
      "properties": {
        "id": "1351164542",
        "name": "杭台高速线",
        "railway": "rail",
        "source": "osm",
        "ref": "3108"
      },
      "geometry": {
        "type": "LineString",
        "coordinates": [
          [
            121.2937343,
            28.7757764
          ],
          [
            121.2929953,
            28.7759244
          ]
        ]
      }
    },
    {
      "type": "Feature",
      "properties": {
        "id": "1351164705",
        "name": "杭台高速线",
        "railway": "rail",
        "source": "osm",
        "ref": "3108"
      },
      "geometry": {
        "type": "LineString",
        "coordinates": [
          [
            121.364979,
            28.7383505
          ],
          [
            121.3667419,
            28.7354798
          ]
        ]
      }
    },
    {
      "type": "Feature",
      "properties": {
        "id": "1351164706",
        "name": "杭台高速线",
        "railway": "rail",
        "source": "osm",
        "ref": "3108"
      },
      "geometry": {
        "type": "LineString",
        "coordinates": [
          [
            121.3650323,
            28.7383732
          ],
          [
            121.364887,
            28.738592
          ],
          [
            121.3647567,
            28.7387881
          ]
        ]
      }
    },
    {
      "type": "Feature",
      "properties": {
        "id": "1351164707",
        "name": "杭台高速线",
        "railway": "rail",
        "source": "osm",
        "ref": "3108"
      },
      "geometry": {
        "type": "LineString",
        "coordinates": [
          [
            121.3647086,
            28.7387438
          ],
          [
            121.364979,
            28.7383505
          ]
        ]
      }
    },
    {
      "type": "Feature",
      "properties": {
        "id": "1351164708",
        "name": "杭台高速线",
        "railway": "rail",
        "source": "osm",
        "ref": "3108"
      },
      "geometry": {
        "type": "LineString",
        "coordinates": [
          [
            121.366815,
            28.7355216
          ],
          [
            121.3650323,
            28.7383732
          ]
        ]
      }
    },
    {
      "type": "Feature",
      "properties": {
        "id": "1351164709",
        "name": "杭台高速线",
        "railway": "rail",
        "source": "osm",
        "ref": "3108"
      },
      "geometry": {
        "type": "LineString",
        "coordinates": [
          [
            121.3599274,
            28.7448407
          ],
          [
            121.360483,
            28.7442219
          ]
        ]
      }
    },
    {
      "type": "Feature",
      "properties": {
        "id": "1351164710",
        "name": "杭台高速线",
        "railway": "rail",
        "source": "osm",
        "ref": "3108"
      },
      "geometry": {
        "type": "LineString",
        "coordinates": [
          [
            121.3605305,
            28.7442472
          ],
          [
            121.3599738,
            28.7448713
          ]
        ]
      }
    },
    {
      "type": "Feature",
      "properties": {
        "id": "1352496875",
        "name": "杭深线",
        "railway": "rail",
        "source": "osm",
        "ref": "3009"
      },
      "geometry": {
        "type": "LineString",
        "coordinates": [
          [
            121.0973918,
            28.3037667
          ],
          [
            121.0955653,
            28.3022317
          ]
        ]
      }
    },
    {
      "type": "Feature",
      "properties": {
        "id": "1352496876",
        "name": "杭深线",
        "railway": "rail",
        "source": "osm",
        "ref": "3009"
      },
      "geometry": {
        "type": "LineString",
        "coordinates": [
          [
            121.0955653,
            28.3022317
          ],
          [
            121.0945247,
            28.301398
          ]
        ]
      }
    },
    {
      "type": "Feature",
      "properties": {
        "id": "1352496877",
        "name": "杭深线",
        "railway": "rail",
        "source": "osm",
        "ref": "3009"
      },
      "geometry": {
        "type": "LineString",
        "coordinates": [
          [
            121.0941975,
            28.3011168
          ],
          [
            121.0925501,
            28.299701
          ]
        ]
      }
    },
    {
      "type": "Feature",
      "properties": {
        "id": "1352496878",
        "name": "杭深线",
        "railway": "rail",
        "source": "osm",
        "ref": "3009"
      },
      "geometry": {
        "type": "LineString",
        "coordinates": [
          [
            121.0945247,
            28.301398
          ],
          [
            121.0941975,
            28.3011168
          ]
        ]
      }
    },
    {
      "type": "Feature",
      "properties": {
        "id": "1352497350",
        "name": "杭深线",
        "railway": "rail",
        "source": "osm",
        "ref": "3009"
      },
      "geometry": {
        "type": "LineString",
        "coordinates": [
          [
            121.1432701,
            28.3407338
          ],
          [
            121.1429914,
            28.340534
          ]
        ]
      }
    },
    {
      "type": "Feature",
      "properties": {
        "id": "1352497351",
        "name": "杭深线",
        "railway": "rail",
        "source": "osm",
        "ref": "3009"
      },
      "geometry": {
        "type": "LineString",
        "coordinates": [
          [
            121.1429914,
            28.340534
          ],
          [
            121.1403948,
            28.3386725
          ]
        ]
      }
    },
    {
      "type": "Feature",
      "properties": {
        "id": "1352497352",
        "name": "杭深线",
        "railway": "rail",
        "source": "osm",
        "ref": "3009"
      },
      "geometry": {
        "type": "LineString",
        "coordinates": [
          [
            121.1403948,
            28.3386725
          ],
          [
            121.1399556,
            28.3383576
          ]
        ]
      }
    },
    {
      "type": "Feature",
      "properties": {
        "id": "1352497353",
        "name": "杭深线",
        "railway": "rail",
        "source": "osm",
        "ref": "3009"
      },
      "geometry": {
        "type": "LineString",
        "coordinates": [
          [
            121.1399556,
            28.3383576
          ],
          [
            121.139161,
            28.337788
          ],
          [
            121.135128,
            28.334878
          ]
        ]
      }
    },
    {
      "type": "Feature",
      "properties": {
        "id": "1374659098",
        "name": "台州市域铁路S1线",
        "railway": "subway",
        "source": "osm"
      },
      "geometry": {
        "type": "LineString",
        "coordinates": [
          [
            121.3359867,
            28.599827
          ],
          [
            121.3356912,
            28.5981946
          ]
        ]
      }
    },
    {
      "type": "Feature",
      "properties": {
        "id": "1422100135",
        "name": "杭深线",
        "railway": "rail",
        "source": "osm",
        "ref": "3009"
      },
      "geometry": {
        "type": "LineString",
        "coordinates": [
          [
            121.3217747,
            28.488743
          ],
          [
            121.3214112,
            28.4870381
          ]
        ]
      }
    },
    {
      "type": "Feature",
      "properties": {
        "id": "1422100136",
        "name": "温岭北联络线",
        "railway": "rail",
        "source": "osm",
        "ref": "7612"
      },
      "geometry": {
        "type": "LineString",
        "coordinates": [
          [
            121.3218309,
            28.4886833
          ],
          [
            121.3217588,
            28.4883833
          ],
          [
            121.3214112,
            28.4870381
          ]
        ]
      }
    },
    {
      "type": "Feature",
      "properties": {
        "id": "1463453909",
        "name": "杭深线",
        "railway": "rail",
        "source": "osm",
        "ref": "3009"
      },
      "geometry": {
        "type": "LineString",
        "coordinates": [
          [
            121.3231583,
            28.52846
          ],
          [
            121.3230097,
            28.5294021
          ],
          [
            121.3227902,
            28.5305495
          ],
          [
            121.3225814,
            28.531557
          ],
          [
            121.3223266,
            28.5325986
          ],
          [
            121.3221001,
            28.5334195
          ],
          [
            121.3218134,
            28.5342994
          ],
          [
            121.3213569,
            28.5356737
          ],
          [
            121.3209292,
            28.5369226
          ],
          [
            121.3193302,
            28.5414527
          ],
          [
            121.3183112,
            28.5443392
          ],
          [
            121.318197,
            28.5446627
          ],
          [
            121.3146117,
            28.5548187
          ],
          [
            121.3138434,
            28.5569949
          ],
          [
            121.3121853,
            28.5616912
          ]
        ]
      }
    },
    {
      "type": "Feature",
      "properties": {
        "id": "1463453910",
        "name": "",
        "railway": "rail",
        "source": "osm"
      },
      "geometry": {
        "type": "LineString",
        "coordinates": [
          [
            121.3138434,
            28.5569949
          ],
          [
            121.3143072,
            28.5558185
          ]
        ]
      }
    },
    {
      "type": "Feature",
      "properties": {
        "id": "1463453911",
        "name": "",
        "railway": "rail",
        "source": "osm"
      },
      "geometry": {
        "type": "LineString",
        "coordinates": [
          [
            121.3183112,
            28.5443392
          ],
          [
            121.3188081,
            28.5430685
          ]
        ]
      }
    },
    {
      "type": "Feature",
      "properties": {
        "id": "1463453912",
        "name": "",
        "railway": "rail",
        "source": "osm"
      },
      "geometry": {
        "type": "LineString",
        "coordinates": [
          [
            121.3189222,
            28.5427454
          ],
          [
            121.3193302,
            28.5414527
          ]
        ]
      }
    },
    {
      "type": "Feature",
      "properties": {
        "id": "1463453913",
        "name": "",
        "railway": "rail",
        "source": "osm"
      },
      "geometry": {
        "type": "LineString",
        "coordinates": [
          [
            121.318197,
            28.5446627
          ],
          [
            121.3176844,
            28.5459227
          ],
          [
            121.3149601,
            28.5536755
          ],
          [
            121.3148748,
            28.553938
          ],
          [
            121.3146117,
            28.5548187
          ]
        ]
      }
    },
    {
      "type": "Feature",
      "properties": {
        "id": "1463453914",
        "name": "",
        "railway": "rail",
        "source": "osm"
      },
      "geometry": {
        "type": "LineString",
        "coordinates": [
          [
            121.3176844,
            28.5459227
          ],
          [
            121.3180097,
            28.5450159
          ],
          [
            121.3180637,
            28.5448218
          ],
          [
            121.3181247,
            28.5445565
          ],
          [
            121.318169,
            28.5443638
          ],
          [
            121.3182618,
            28.5439599
          ],
          [
            121.3183534,
            28.5435612
          ],
          [
            121.3184434,
            28.5431698
          ],
          [
            121.3185023,
            28.5429663
          ],
          [
            121.3189479,
            28.5416965
          ],
          [
            121.3190062,
            28.5415016
          ],
          [
            121.3190646,
            28.5412288
          ],
          [
            121.3191549,
            28.5408789
          ]
        ]
      }
    },
    {
      "type": "Feature",
      "properties": {
        "id": "1463453915",
        "name": "",
        "railway": "rail",
        "source": "osm"
      },
      "geometry": {
        "type": "LineString",
        "coordinates": [
          [
            121.3181247,
            28.5445565
          ],
          [
            121.3180302,
            28.5448389
          ],
          [
            121.3178341,
            28.5453743
          ]
        ]
      }
    },
    {
      "type": "Feature",
      "properties": {
        "id": "1463453916",
        "name": "",
        "railway": "rail",
        "source": "osm"
      },
      "geometry": {
        "type": "LineString",
        "coordinates": [
          [
            121.3183534,
            28.5435612
          ],
          [
            121.3183921,
            28.5432739
          ],
          [
            121.3184225,
            28.5430893
          ],
          [
            121.3184552,
            28.5429252
          ],
          [
            121.3185136,
            28.5427201
          ],
          [
            121.3191549,
            28.5408789
          ],
          [
            121.319393,
            28.5401954
          ]
        ]
      }
    },
    {
      "type": "Feature",
      "properties": {
        "id": "1463453917",
        "name": "",
        "railway": "rail",
        "source": "osm"
      },
      "geometry": {
        "type": "LineString",
        "coordinates": [
          [
            121.3182618,
            28.5439599
          ],
          [
            121.3183123,
            28.5436083
          ],
          [
            121.3183525,
            28.5431488
          ],
          [
            121.318382,
            28.5429603
          ],
          [
            121.3184303,
            28.5427577
          ],
          [
            121.3184893,
            28.5425598
          ],
          [
            121.3186931,
            28.5419872
          ]
        ]
      }
    },
    {
      "type": "Feature",
      "properties": {
        "id": "1463453918",
        "name": "",
        "railway": "rail",
        "source": "osm"
      },
      "geometry": {
        "type": "LineString",
        "coordinates": [
          [
            121.318169,
            28.5443638
          ],
          [
            121.3182153,
            28.5440294
          ],
          [
            121.3182545,
            28.5436293
          ],
          [
            121.3183017,
            28.5431473
          ],
          [
            121.3183344,
            28.5429525
          ],
          [
            121.3183811,
            28.5427474
          ],
          [
            121.3184442,
            28.5425463
          ],
          [
            121.3186496,
            28.541972
          ]
        ]
      }
    },
    {
      "type": "Feature",
      "properties": {
        "id": "1463453919",
        "name": "",
        "railway": "rail",
        "source": "osm"
      },
      "geometry": {
        "type": "LineString",
        "coordinates": [
          [
            121.3182545,
            28.5436293
          ],
          [
            121.3182527,
            28.5433176
          ],
          [
            121.3182597,
            28.5431289
          ],
          [
            121.318283,
            28.5429381
          ],
          [
            121.3183274,
            28.5427371
          ],
          [
            121.3183881,
            28.5425422
          ],
          [
            121.3185959,
            28.5419597
          ]
        ]
      }
    },
    {
      "type": "Feature",
      "properties": {
        "id": "1463453920",
        "name": "",
        "railway": "rail",
        "source": "osm"
      },
      "geometry": {
        "type": "LineString",
        "coordinates": [
          [
            121.3182153,
            28.5440294
          ],
          [
            121.31822,
            28.5436889
          ],
          [
            121.318206,
            28.5434427
          ],
          [
            121.318206,
            28.5432602
          ],
          [
            121.3182177,
            28.5430715
          ],
          [
            121.318241,
            28.5428971
          ],
          [
            121.318283,
            28.5427186
          ],
          [
            121.3183461,
            28.5425197
          ],
          [
            121.3185492,
            28.5419433
          ]
        ]
      }
    },
    {
      "type": "Feature",
      "properties": {
        "id": "1463453921",
        "name": "",
        "railway": "rail",
        "source": "osm"
      },
      "geometry": {
        "type": "LineString",
        "coordinates": [
          [
            121.3149085,
            28.5541154
          ],
          [
            121.3152164,
            28.5533421
          ],
          [
            121.3153221,
            28.5530689
          ],
          [
            121.318077,
            28.5452826
          ],
          [
            121.318102,
            28.5452119
          ],
          [
            121.3185201,
            28.5438844
          ]
        ]
      }
    },
    {
      "type": "Feature",
      "properties": {
        "id": "1463453922",
        "name": "",
        "railway": "rail",
        "source": "osm"
      },
      "geometry": {
        "type": "LineString",
        "coordinates": [
          [
            121.318102,
            28.5452119
          ],
          [
            121.3185259,
            28.5440148
          ],
          [
            121.318622,
            28.5437435
          ],
          [
            121.3192245,
            28.5420422
          ],
          [
            121.319492,
            28.5413388
          ],
          [
            121.319713,
            28.5407096
          ],
          [
            121.3206224,
            28.5381209
          ],
          [
            121.3207592,
            28.5377651
          ],
          [
            121.3218723,
            28.5350963
          ]
        ]
      }
    },
    {
      "type": "Feature",
      "properties": {
        "id": "1463453923",
        "name": "",
        "railway": "rail",
        "source": "osm"
      },
      "geometry": {
        "type": "LineString",
        "coordinates": [
          [
            121.3192079,
            28.5419359
          ],
          [
            121.3194346,
            28.5413583
          ],
          [
            121.3195817,
            28.5410198
          ],
          [
            121.319713,
            28.5407096
          ]
        ]
      }
    },
    {
      "type": "Feature",
      "properties": {
        "id": "1463453924",
        "name": "",
        "railway": "rail",
        "source": "osm"
      },
      "geometry": {
        "type": "LineString",
        "coordinates": [
          [
            121.3145541,
            28.5551194
          ],
          [
            121.3148492,
            28.5543941
          ],
          [
            121.3152282,
            28.5534737
          ],
          [
            121.3153427,
            28.5531722
          ],
          [
            121.3178843,
            28.5459696
          ],
          [
            121.3179186,
            28.5458724
          ],
          [
            121.318077,
            28.5452826
          ]
        ]
      }
    },
    {
      "type": "Feature",
      "properties": {
        "id": "1463453925",
        "name": "",
        "railway": "rail",
        "source": "osm"
      },
      "geometry": {
        "type": "LineString",
        "coordinates": [
          [
            121.3148492,
            28.5543941
          ],
          [
            121.3151061,
            28.553903
          ],
          [
            121.3151935,
            28.5537155
          ],
          [
            121.315287,
            28.5534834
          ],
          [
            121.3176996,
            28.5466642
          ],
          [
            121.3177673,
            28.5464365
          ],
          [
            121.3178843,
            28.5459696
          ]
        ]
      }
    },
    {
      "type": "Feature",
      "properties": {
        "id": "1463453926",
        "name": "",
        "railway": "rail",
        "source": "osm"
      },
      "geometry": {
        "type": "LineString",
        "coordinates": [
          [
            121.3179186,
            28.5458724
          ],
          [
            121.3183389,
            28.5447129
          ],
          [
            121.3184009,
            28.5445062
          ],
          [
            121.3185259,
            28.5440148
          ]
        ]
      }
    },
    {
      "type": "Feature",
      "properties": {
        "id": "1463453927",
        "name": "金台线",
        "railway": "rail",
        "source": "osm",
        "ref": "0628"
      },
      "geometry": {
        "type": "LineString",
        "coordinates": [
          [
            121.3136855,
            28.5582051
          ],
          [
            121.3139613,
            28.5572455
          ],
          [
            121.3141017,
            28.5568156
          ],
          [
            121.3142541,
            28.5564021
          ],
          [
            121.3149045,
            28.5547142
          ],
          [
            121.3151599,
            28.5540514
          ],
          [
            121.3153258,
            28.5535963
          ],
          [
            121.3182295,
            28.5453682
          ]
        ]
      }
    },
    {
      "type": "Feature",
      "properties": {
        "id": "1463453928",
        "name": "",
        "railway": "rail",
        "source": "osm"
      },
      "geometry": {
        "type": "LineString",
        "coordinates": [
          [
            121.3182295,
            28.5453682
          ],
          [
            121.3182979,
            28.545174
          ],
          [
            121.318351,
            28.5449906
          ],
          [
            121.3184289,
            28.5446082
          ],
          [
            121.3184855,
            28.5443999
          ],
          [
            121.3185563,
            28.5441931
          ],
          [
            121.3189104,
            28.5431843
          ],
          [
            121.319031,
            28.5428406
          ],
          [
            121.3197728,
            28.5407273
          ],
          [
            121.319966,
            28.540177
          ],
          [
            121.3205583,
            28.5384895
          ],
          [
            121.3206199,
            28.5383269
          ],
          [
            121.3206964,
            28.5381573
          ],
          [
            121.3208077,
            28.537935
          ],
          [
            121.3224161,
            28.534724
          ]
        ]
      }
    },
    {
      "type": "Feature",
      "properties": {
        "id": "1463453929",
        "name": "",
        "railway": "rail",
        "source": "osm"
      },
      "geometry": {
        "type": "LineString",
        "coordinates": [
          [
            121.3149045,
            28.5547142
          ],
          [
            121.3151377,
            28.5542205
          ],
          [
            121.3154016,
            28.5536668
          ],
          [
            121.3155206,
            28.5533448
          ],
          [
            121.317975,
            28.546397
          ],
          [
            121.3180442,
            28.5461435
          ],
          [
            121.3181234,
            28.5457739
          ],
          [
            121.3182295,
            28.5453682
          ]
        ]
      }
    },
    {
      "type": "Feature",
      "properties": {
        "id": "1463453930",
        "name": "",
        "railway": "rail",
        "source": "osm"
      },
      "geometry": {
        "type": "LineString",
        "coordinates": [
          [
            121.3151377,
            28.5542205
          ],
          [
            121.3153796,
            28.5535996
          ],
          [
            121.3179621,
            28.5462761
          ],
          [
            121.3181234,
            28.5457739
          ]
        ]
      }
    },
    {
      "type": "Feature",
      "properties": {
        "id": "1463453931",
        "name": "",
        "railway": "rail",
        "source": "osm"
      },
      "geometry": {
        "type": "LineString",
        "coordinates": [
          [
            121.318622,
            28.5437435
          ],
          [
            121.3187195,
            28.5435201
          ],
          [
            121.3189105,
            28.5431255
          ],
          [
            121.319031,
            28.5428406
          ]
        ]
      }
    },
    {
      "type": "Feature",
      "properties": {
        "id": "1463453932",
        "name": "",
        "railway": "rail",
        "source": "osm"
      },
      "geometry": {
        "type": "LineString",
        "coordinates": [
          [
            121.3189104,
            28.5431843
          ],
          [
            121.3188247,
            28.5435316
          ],
          [
            121.3187698,
            28.5438262
          ],
          [
            121.3187434,
            28.5440137
          ],
          [
            121.3187312,
            28.5442262
          ],
          [
            121.3187363,
            28.5443834
          ],
          [
            121.3187605,
            28.5451233
          ],
          [
            121.3187722,
            28.5454831
          ],
          [
            121.318762,
            28.5457063
          ],
          [
            121.3187295,
            28.5459188
          ],
          [
            121.3186766,
            28.5461384
          ],
          [
            121.3185953,
            28.5463973
          ],
          [
            121.3160585,
            28.5535856
          ]
        ]
      }
    },
    {
      "type": "Feature",
      "properties": {
        "id": "1463453933",
        "name": "",
        "railway": "rail",
        "source": "osm"
      },
      "geometry": {
        "type": "LineString",
        "coordinates": [
          [
            121.3187605,
            28.5451233
          ],
          [
            121.318731,
            28.5454766
          ],
          [
            121.3187074,
            28.5457106
          ],
          [
            121.3186771,
            28.5459075
          ],
          [
            121.318628,
            28.5461208
          ],
          [
            121.3185432,
            28.5463874
          ],
          [
            121.316005,
            28.5535683
          ]
        ]
      }
    },
    {
      "type": "Feature",
      "properties": {
        "id": "1463453934",
        "name": "",
        "railway": "rail",
        "source": "osm"
      },
      "geometry": {
        "type": "LineString",
        "coordinates": [
          [
            121.3187363,
            28.5443834
          ],
          [
            121.3187647,
            28.5446477
          ],
          [
            121.3188054,
            28.5448809
          ],
          [
            121.3188603,
            28.5450783
          ],
          [
            121.3189328,
            28.5452695
          ],
          [
            121.3190213,
            28.5454498
          ],
          [
            121.3191593,
            28.5456861
          ],
          [
            121.3193477,
            28.5459877
          ],
          [
            121.3194428,
            28.5461626
          ],
          [
            121.3195136,
            28.5463258
          ],
          [
            121.3195844,
            28.5465263
          ],
          [
            121.3196357,
            28.5467362
          ],
          [
            121.3196782,
            28.5469787
          ],
          [
            121.3196961,
            28.5471633
          ],
          [
            121.3196979,
            28.5473343
          ],
          [
            121.319682,
            28.5475255
          ],
          [
            121.3196466,
            28.5477292
          ],
          [
            121.319597,
            28.547925
          ],
          [
            121.319528,
            28.5481395
          ],
          [
            121.3180787,
            28.5522513
          ]
        ]
      }
    },
    {
      "type": "Feature",
      "properties": {
        "id": "1463453935",
        "name": "",
        "railway": "rail",
        "source": "osm"
      },
      "geometry": {
        "type": "LineString",
        "coordinates": [
          [
            121.3191593,
            28.5456861
          ],
          [
            121.3193144,
            28.5459911
          ],
          [
            121.3193994,
            28.5461746
          ],
          [
            121.3194701,
            28.5463424
          ],
          [
            121.3195356,
            28.5465368
          ],
          [
            121.3195869,
            28.5467435
          ],
          [
            121.3196294,
            28.5469782
          ],
          [
            121.3196436,
            28.5471663
          ],
          [
            121.3196436,
            28.5473342
          ],
          [
            121.3196294,
            28.5475161
          ],
          [
            121.319594,
            28.5477197
          ],
          [
            121.3195462,
            28.5479156
          ],
          [
            121.3194772,
            28.5481285
          ],
          [
            121.3180159,
            28.552228
          ]
        ]
      }
    },
    {
      "type": "Feature",
      "properties": {
        "id": "1463453936",
        "name": "",
        "railway": "rail",
        "source": "osm"
      },
      "geometry": {
        "type": "LineString",
        "coordinates": [
          [
            121.3197728,
            28.5407273
          ],
          [
            121.3196903,
            28.5410659
          ],
          [
            121.3196301,
            28.5413498
          ],
          [
            121.3193238,
            28.5427948
          ],
          [
            121.3192933,
            28.5429841
          ],
          [
            121.319279,
            28.5431823
          ],
          [
            121.3192811,
            28.5433662
          ],
          [
            121.3193014,
            28.5435555
          ],
          [
            121.319338,
            28.5437341
          ],
          [
            121.319399,
            28.5439269
          ],
          [
            121.3194762,
            28.5441055
          ],
          [
            121.3195758,
            28.5442912
          ],
          [
            121.3196856,
            28.5444609
          ],
          [
            121.3211351,
            28.5466277
          ]
        ]
      }
    },
    {
      "type": "Feature",
      "properties": {
        "id": "1463453937",
        "name": "",
        "railway": "rail",
        "source": "osm"
      },
      "geometry": {
        "type": "LineString",
        "coordinates": [
          [
            121.3196301,
            28.5413498
          ],
          [
            121.3195903,
            28.5416477
          ],
          [
            121.3195377,
            28.5422159
          ],
          [
            121.3195318,
            28.5424133
          ],
          [
            121.3195406,
            28.5425672
          ],
          [
            121.3195618,
            28.5427382
          ],
          [
            121.3195972,
            28.542917
          ],
          [
            121.3196521,
            28.5430833
          ],
          [
            121.3197193,
            28.5432403
          ],
          [
            121.3198096,
            28.543416
          ],
          [
            121.3199082,
            28.5435759
          ],
          [
            121.321071,
            28.5453163
          ]
        ]
      }
    },
    {
      "type": "Feature",
      "properties": {
        "id": "1463453938",
        "name": "",
        "railway": "rail",
        "source": "osm"
      },
      "geometry": {
        "type": "LineString",
        "coordinates": [
          [
            121.319966,
            28.540177
          ],
          [
            121.3198805,
            28.5404786
          ],
          [
            121.3198486,
            28.5406294
          ],
          [
            121.3197748,
            28.5409786
          ],
          [
            121.3197504,
            28.541175
          ],
          [
            121.3197402,
            28.5413536
          ],
          [
            121.3197504,
            28.5415429
          ],
          [
            121.3197748,
            28.5417268
          ],
          [
            121.3198154,
            28.5419089
          ],
          [
            121.3198784,
            28.5421
          ],
          [
            121.3199577,
            28.5422839
          ],
          [
            121.3200533,
            28.5424536
          ],
          [
            121.3201732,
            28.5426393
          ],
          [
            121.3216994,
            28.5449059
          ]
        ]
      }
    },
    {
      "type": "Feature",
      "properties": {
        "id": "1463453939",
        "name": "",
        "railway": "rail",
        "source": "osm"
      },
      "geometry": {
        "type": "LineString",
        "coordinates": [
          [
            121.3198486,
            28.5406294
          ],
          [
            121.3198111,
            28.5409781
          ],
          [
            121.3197951,
            28.5411787
          ],
          [
            121.3197916,
            28.5413543
          ],
          [
            121.3197987,
            28.5415393
          ],
          [
            121.3198252,
            28.5417243
          ],
          [
            121.3198659,
            28.5418984
          ],
          [
            121.3199296,
            28.542085
          ],
          [
            121.3200057,
            28.5422622
          ],
          [
            121.3200977,
            28.5424301
          ],
          [
            121.3202163,
            28.5426151
          ],
          [
            121.3217411,
            28.5448775
          ]
        ]
      }
    },
    {
      "type": "Feature",
      "properties": {
        "id": "1463453940",
        "name": "",
        "railway": "rail",
        "source": "osm"
      },
      "geometry": {
        "type": "LineString",
        "coordinates": [
          [
            121.3208077,
            28.537935
          ],
          [
            121.3209371,
            28.5377087
          ],
          [
            121.3210521,
            28.5375252
          ],
          [
            121.3211724,
            28.5373558
          ],
          [
            121.3213034,
            28.5371941
          ],
          [
            121.3214255,
            28.537065
          ],
          [
            121.3215759,
            28.5369205
          ],
          [
            121.3222006,
            28.5363701
          ]
        ]
      }
    },
    {
      "type": "Feature",
      "properties": {
        "id": "1463521858",
        "name": "杭台高速线",
        "railway": "rail",
        "source": "osm",
        "ref": "3108"
      },
      "geometry": {
        "type": "LineString",
        "coordinates": [
          [
            121.2948887,
            28.4087918
          ],
          [
            121.2945236,
            28.4069474
          ],
          [
            121.2942459,
            28.4053972
          ],
          [
            121.2911925,
            28.3874003
          ]
        ]
      }
    },
    {
      "type": "Feature",
      "properties": {
        "id": "1463521859",
        "name": "杭台高速线",
        "railway": "rail",
        "source": "osm",
        "ref": "3108"
      },
      "geometry": {
        "type": "LineString",
        "coordinates": [
          [
            121.3090239,
            28.440512
          ],
          [
            121.3084056,
            28.439199
          ],
          [
            121.3078666,
            28.4381056
          ],
          [
            121.2981955,
            28.419473
          ],
          [
            121.2976816,
            28.4184225
          ],
          [
            121.2971091,
            28.4171517
          ],
          [
            121.2965712,
            28.4158052
          ]
        ]
      }
    },
    {
      "type": "Feature",
      "properties": {
        "id": "1463521860",
        "name": "杭台高速线",
        "railway": "rail",
        "source": "osm",
        "ref": "3108"
      },
      "geometry": {
        "type": "LineString",
        "coordinates": [
          [
            121.2965712,
            28.4158052
          ],
          [
            121.2961728,
            28.4146109
          ],
          [
            121.2958133,
            28.4133002
          ],
          [
            121.2955795,
            28.4122566
          ],
          [
            121.2952054,
            28.4103318
          ]
        ]
      }
    },
    {
      "type": "Feature",
      "properties": {
        "id": "1463521861",
        "name": "杭台高速线",
        "railway": "rail",
        "source": "osm",
        "ref": "3108"
      },
      "geometry": {
        "type": "LineString",
        "coordinates": [
          [
            121.2952054,
            28.4103318
          ],
          [
            121.2948887,
            28.4087918
          ]
        ]
      }
    },
    {
      "type": "Feature",
      "properties": {
        "id": "1466215756",
        "name": "台州市域铁路S1线",
        "railway": "subway",
        "source": "osm"
      },
      "geometry": {
        "type": "LineString",
        "coordinates": [
          [
            121.350088,
            28.4018811
          ],
          [
            121.3502327,
            28.4018558
          ],
          [
            121.3510083,
            28.4017204
          ],
          [
            121.3515706,
            28.4015486
          ]
        ]
      }
    },
    {
      "type": "Feature",
      "properties": {
        "id": "1471986175",
        "name": "杭台高速线",
        "railway": "rail",
        "source": "osm",
        "ref": "3108"
      },
      "geometry": {
        "type": "LineString",
        "coordinates": [
          [
            121.3175579,
            28.4696568
          ],
          [
            121.3155693,
            28.4580194
          ],
          [
            121.3153598,
            28.4570332
          ],
          [
            121.3151154,
            28.4560278
          ],
          [
            121.3147826,
            28.4548684
          ],
          [
            121.314037,
            28.4525905
          ],
          [
            121.3136695,
            28.4515614
          ],
          [
            121.3132984,
            28.4506296
          ],
          [
            121.3090239,
            28.440512
          ]
        ]
      }
    },
    {
      "type": "Feature",
      "properties": {
        "id": "1471986176",
        "name": "杭台高速线",
        "railway": "rail",
        "source": "osm",
        "ref": "3108"
      },
      "geometry": {
        "type": "LineString",
        "coordinates": [
          [
            121.290632,
            28.3840962
          ],
          [
            121.2897569,
            28.3788603
          ],
          [
            121.2895126,
            28.3771398
          ],
          [
            121.2893295,
            28.3755023
          ],
          [
            121.2891866,
            28.3738843
          ],
          [
            121.2891061,
            28.372292
          ],
          [
            121.289106,
            28.3706772
          ]
        ]
      }
    },
    {
      "type": "Feature",
      "properties": {
        "id": "1471986177",
        "name": "杭台高速线",
        "railway": "rail",
        "source": "osm",
        "ref": "3108"
      },
      "geometry": {
        "type": "LineString",
        "coordinates": [
          [
            121.2911925,
            28.3874003
          ],
          [
            121.2908663,
            28.3854775
          ]
        ]
      }
    },
    {
      "type": "Feature",
      "properties": {
        "id": "1471986178",
        "name": "杭台高速线",
        "railway": "rail",
        "source": "osm",
        "ref": "3108"
      },
      "geometry": {
        "type": "LineString",
        "coordinates": [
          [
            121.2908663,
            28.3854775
          ],
          [
            121.290632,
            28.3840962
          ]
        ]
      }
    },
    {
      "type": "Feature",
      "properties": {
        "id": "1471986179",
        "name": "杭台高速线",
        "railway": "rail",
        "source": "osm",
        "ref": "3108"
      },
      "geometry": {
        "type": "LineString",
        "coordinates": [
          [
            121.289106,
            28.3706772
          ],
          [
            121.2893057,
            28.364627
          ]
        ]
      }
    },
    {
      "type": "Feature",
      "properties": {
        "id": "1471986180",
        "name": "杭台高速线",
        "railway": "rail",
        "source": "osm",
        "ref": "3108"
      },
      "geometry": {
        "type": "LineString",
        "coordinates": [
          [
            121.2893057,
            28.364627
          ],
          [
            121.2895733,
            28.3609326
          ]
        ]
      }
    },
    {
      "type": "Feature",
      "properties": {
        "id": "1471986181",
        "name": "杭台高速线",
        "railway": "rail",
        "source": "osm",
        "ref": "3108"
      },
      "geometry": {
        "type": "LineString",
        "coordinates": [
          [
            121.2903385,
            28.3548195
          ],
          [
            121.2906691,
            28.3529827
          ],
          [
            121.2910747,
            28.3510756
          ],
          [
            121.2915401,
            28.3491717
          ],
          [
            121.2993695,
            28.3206507
          ],
          [
            121.299897,
            28.3189105
          ],
          [
            121.3005599,
            28.3170091
          ],
          [
            121.3013805,
            28.3149759
          ],
          [
            121.3022253,
            28.3131514
          ],
          [
            121.3031615,
            28.311328
          ],
          [
            121.3041488,
            28.309687
          ],
          [
            121.3055149,
            28.3076705
          ]
        ]
      }
    },
    {
      "type": "Feature",
      "properties": {
        "id": "1471986182",
        "name": "杭台高速线",
        "railway": "rail",
        "source": "osm",
        "ref": "3108"
      },
      "geometry": {
        "type": "LineString",
        "coordinates": [
          [
            121.3055149,
            28.3076705
          ],
          [
            121.3090136,
            28.3030727
          ]
        ]
      }
    },
    {
      "type": "Feature",
      "properties": {
        "id": "1471986183",
        "name": "杭台高速线",
        "railway": "rail",
        "source": "osm",
        "ref": "3108"
      },
      "geometry": {
        "type": "LineString",
        "coordinates": [
          [
            121.3090136,
            28.3030727
          ],
          [
            121.3172404,
            28.2918452
          ]
        ]
      }
    },
    {
      "type": "Feature",
      "properties": {
        "id": "1471986184",
        "name": "杭台高速线",
        "railway": "rail",
        "source": "osm",
        "ref": "3108"
      },
      "geometry": {
        "type": "LineString",
        "coordinates": [
          [
            121.3172404,
            28.2918452
          ],
          [
            121.3181144,
            28.2906498
          ]
        ]
      }
    },
    {
      "type": "Feature",
      "properties": {
        "id": "1471986185",
        "name": "杭台高速线",
        "railway": "rail",
        "source": "osm",
        "ref": "3108"
      },
      "geometry": {
        "type": "LineString",
        "coordinates": [
          [
            121.3181144,
            28.2906498
          ],
          [
            121.3218308,
            28.2855034
          ]
        ]
      }
    },
    {
      "type": "Feature",
      "properties": {
        "id": "1471986186",
        "name": "杭台高速线",
        "railway": "rail",
        "source": "osm",
        "ref": "3108"
      },
      "geometry": {
        "type": "LineString",
        "coordinates": [
          [
            121.3224282,
            28.2845825
          ],
          [
            121.3232821,
            28.2831745
          ],
          [
            121.3241622,
            28.2815946
          ],
          [
            121.3250315,
            28.2799286
          ],
          [
            121.3258109,
            28.2783578
          ],
          [
            121.3265187,
            28.2768141
          ],
          [
            121.3271412,
            28.2753516
          ]
        ]
      }
    },
    {
      "type": "Feature",
      "properties": {
        "id": "1471986187",
        "name": "杭台高速线",
        "railway": "rail",
        "source": "osm",
        "ref": "3108"
      },
      "geometry": {
        "type": "LineString",
        "coordinates": [
          [
            121.3218308,
            28.2855034
          ],
          [
            121.3224282,
            28.2845825
          ]
        ]
      }
    },
    {
      "type": "Feature",
      "properties": {
        "id": "1471986188",
        "name": "杭台高速线",
        "railway": "rail",
        "source": "osm",
        "ref": "3108"
      },
      "geometry": {
        "type": "LineString",
        "coordinates": [
          [
            121.3271412,
            28.2753516
          ],
          [
            121.3283296,
            28.271969
          ]
        ]
      }
    },
    {
      "type": "Feature",
      "properties": {
        "id": "1471986189",
        "name": "杭台高速线",
        "railway": "rail",
        "source": "osm",
        "ref": "3108"
      },
      "geometry": {
        "type": "LineString",
        "coordinates": [
          [
            121.3283296,
            28.271969
          ],
          [
            121.328771,
            28.2705964
          ],
          [
            121.329218,
            28.2690053
          ],
          [
            121.3296298,
            28.2672854
          ]
        ]
      }
    },
    {
      "type": "Feature",
      "properties": {
        "id": "1471986190",
        "name": "杭台高速线",
        "railway": "rail",
        "source": "osm",
        "ref": "3108"
      },
      "geometry": {
        "type": "LineString",
        "coordinates": [
          [
            121.3296298,
            28.2672854
          ],
          [
            121.3299511,
            28.2656865
          ],
          [
            121.3302437,
            28.2640345
          ],
          [
            121.3306515,
            28.2615127
          ]
        ]
      }
    },
    {
      "type": "Feature",
      "properties": {
        "id": "1471986191",
        "name": "杭台高速线",
        "railway": "rail",
        "source": "osm",
        "ref": "3108"
      },
      "geometry": {
        "type": "LineString",
        "coordinates": [
          [
            121.3307295,
            28.2609173
          ],
          [
            121.3308408,
            28.2596387
          ]
        ]
      }
    },
    {
      "type": "Feature",
      "properties": {
        "id": "1471986192",
        "name": "杭台高速线",
        "railway": "rail",
        "source": "osm",
        "ref": "3108"
      },
      "geometry": {
        "type": "LineString",
        "coordinates": [
          [
            121.3308408,
            28.2596387
          ],
          [
            121.3309454,
            28.2579388
          ]
        ]
      }
    },
    {
      "type": "Feature",
      "properties": {
        "id": "1471986193",
        "name": "杭台高速线",
        "railway": "rail",
        "source": "osm",
        "ref": "3108"
      },
      "geometry": {
        "type": "LineString",
        "coordinates": [
          [
            121.3309454,
            28.2579388
          ],
          [
            121.3310151,
            28.2560477
          ],
          [
            121.3309971,
            28.254216
          ],
          [
            121.3309011,
            28.2522983
          ],
          [
            121.3307583,
            28.2503233
          ],
          [
            121.3305738,
            28.2483004
          ],
          [
            121.3303169,
            28.2463645
          ],
          [
            121.3299917,
            28.2445771
          ],
          [
            121.3295582,
            28.2428017
          ],
          [
            121.3289695,
            28.2407267
          ]
        ]
      }
    },
    {
      "type": "Feature",
      "properties": {
        "id": "1491379695",
        "name": "金台线",
        "railway": "rail",
        "source": "osm",
        "ref": "0628"
      },
      "geometry": {
        "type": "LineString",
        "coordinates": [
          [
            121.2752111,
            28.7314835
          ],
          [
            121.2765601,
            28.7262844
          ]
        ]
      }
    },
    {
      "type": "Feature",
      "properties": {
        "id": "1491379696",
        "name": "金台线",
        "railway": "rail",
        "source": "osm",
        "ref": "0628"
      },
      "geometry": {
        "type": "LineString",
        "coordinates": [
          [
            121.2765601,
            28.7262844
          ],
          [
            121.2768041,
            28.725223
          ]
        ]
      }
    },
    {
      "type": "Feature",
      "properties": {
        "id": "1491379698",
        "name": "",
        "railway": "rail",
        "source": "osm"
      },
      "geometry": {
        "type": "LineString",
        "coordinates": [
          [
            121.2857839,
            28.7014374
          ],
          [
            121.2860276,
            28.7000731
          ],
          [
            121.2860778,
            28.6997933
          ],
          [
            121.2860778,
            28.6994978
          ],
          [
            121.2860455,
            28.6991363
          ],
          [
            121.2859846,
            28.6988596
          ],
          [
            121.2859093,
            28.6985924
          ],
          [
            121.2857747,
            28.6983531
          ]
        ]
      }
    },
    {
      "type": "Feature",
      "properties": {
        "id": "1491379699",
        "name": "",
        "railway": "rail",
        "source": "osm"
      },
      "geometry": {
        "type": "LineString",
        "coordinates": [
          [
            121.2844862,
            28.7028436
          ],
          [
            121.2850438,
            28.6997658
          ],
          [
            121.2853937,
            28.6978844
          ],
          [
            121.2854069,
            28.6978139
          ],
          [
            121.2854584,
            28.6972998
          ]
        ]
      }
    },
    {
      "type": "Feature",
      "properties": {
        "id": "1491379700",
        "name": "",
        "railway": "rail",
        "source": "osm"
      },
      "geometry": {
        "type": "LineString",
        "coordinates": [
          [
            121.2854584,
            28.6972998
          ],
          [
            121.2854918,
            28.6969658
          ]
        ]
      }
    },
    {
      "type": "Feature",
      "properties": {
        "id": "1491379701",
        "name": "",
        "railway": "rail",
        "source": "osm"
      },
      "geometry": {
        "type": "LineString",
        "coordinates": [
          [
            121.2853937,
            28.6978844
          ],
          [
            121.2853706,
            28.698253
          ],
          [
            121.2853291,
            28.6985328
          ],
          [
            121.2852876,
            28.6987535
          ],
          [
            121.2844706,
            28.7032531
          ]
        ]
      }
    },
    {
      "type": "Feature",
      "properties": {
        "id": "1491461957",
        "name": "",
        "railway": "rail",
        "source": "osm"
      },
      "geometry": {
        "type": "LineString",
        "coordinates": [
          [
            121.2524611,
            28.7508735
          ],
          [
            121.253478,
            28.7507528
          ],
          [
            121.2539667,
            28.7507379
          ]
        ]
      }
    },
    {
      "type": "Feature",
      "properties": {
        "id": "1491461958",
        "name": "",
        "railway": "rail",
        "source": "osm"
      },
      "geometry": {
        "type": "LineString",
        "coordinates": [
          [
            121.2534811,
            28.750709
          ],
          [
            121.2528795,
            28.7506261
          ],
          [
            121.2525561,
            28.7506095
          ],
          [
            121.252138,
            28.750605
          ],
          [
            121.2516773,
            28.7506715
          ],
          [
            121.2513964,
            28.7506937
          ],
          [
            121.2509273,
            28.7506961
          ],
          [
            121.2502447,
            28.7506937
          ],
          [
            121.2501211,
            28.7506927
          ],
          [
            121.2492531,
            28.7506863
          ],
          [
            121.2488261,
            28.7506764
          ],
          [
            121.2485537,
            28.7506444
          ],
          [
            121.2482447,
            28.7505656
          ],
          [
            121.2479469,
            28.7504622
          ],
          [
            121.2476772,
            28.7503366
          ],
          [
            121.2472475,
            28.7500903
          ],
          [
            121.2469778,
            28.749913
          ],
          [
            121.2467643,
            28.7497529
          ],
          [
            121.2465761,
            28.7495682
          ],
          [
            121.2461042,
            28.748918
          ],
          [
            121.2452221,
            28.7476275
          ]
        ]
      }
    },
    {
      "type": "Feature",
      "properties": {
        "id": "1491461959",
        "name": "",
        "railway": "rail",
        "source": "osm"
      },
      "geometry": {
        "type": "LineString",
        "coordinates": [
          [
            121.2459721,
            28.7471595
          ],
          [
            121.2474076,
            28.7492135
          ],
          [
            121.2477166,
            28.7495633
          ]
        ]
      }
    },
    {
      "type": "Feature",
      "properties": {
        "id": "1491461960",
        "name": "",
        "railway": "rail",
        "source": "osm"
      },
      "geometry": {
        "type": "LineString",
        "coordinates": [
          [
            121.2460199,
            28.7471349
          ],
          [
            121.2473402,
            28.7490239
          ],
          [
            121.2477166,
            28.7495633
          ],
          [
            121.2478935,
            28.7497726
          ],
          [
            121.2480537,
            28.7499351
          ],
          [
            121.248225,
            28.7500804
          ],
          [
            121.2484497,
            28.7502405
          ],
          [
            121.2487559,
            28.7504154
          ],
          [
            121.2489778,
            28.750504
          ],
          [
            121.2492475,
            28.7505804
          ],
          [
            121.2495481,
            28.750637
          ],
          [
            121.2498177,
            28.7506666
          ],
          [
            121.2501211,
            28.7506927
          ]
        ]
      }
    },
    {
      "type": "Feature",
      "properties": {
        "id": "1491461969",
        "name": "",
        "railway": "rail",
        "source": "osm"
      },
      "geometry": {
        "type": "LineString",
        "coordinates": [
          [
            121.4681609,
            28.7817059
          ],
          [
            121.4676793,
            28.7814881
          ],
          [
            121.4673731,
            28.7813847
          ],
          [
            121.4635415,
            28.780001
          ]
        ]
      }
    },
    {
      "type": "Feature",
      "properties": {
        "id": "1491461970",
        "name": "",
        "railway": "rail",
        "source": "osm"
      },
      "geometry": {
        "type": "LineString",
        "coordinates": [
          [
            121.4680529,
            28.7817121
          ],
          [
            121.4671723,
            28.7813938
          ],
          [
            121.4651511,
            28.7806633
          ]
        ]
      }
    },
    {
      "type": "Feature",
      "properties": {
        "id": "1491461971",
        "name": "",
        "railway": "rail",
        "source": "osm"
      },
      "geometry": {
        "type": "LineString",
        "coordinates": [
          [
            121.4671723,
            28.7813938
          ],
          [
            121.4676281,
            28.7815154
          ]
        ]
      }
    },
    {
      "type": "Feature",
      "properties": {
        "id": "1525327394",
        "name": "杭深线",
        "railway": "rail",
        "source": "osm",
        "ref": "3009"
      },
      "geometry": {
        "type": "LineString",
        "coordinates": [
          [
            121.2798968,
            28.426044
          ],
          [
            121.3052635,
            28.4477574
          ],
          [
            121.307235,
            28.4497635
          ],
          [
            121.3095568,
            28.4524438
          ],
          [
            121.3111143,
            28.4545095
          ],
          [
            121.3135754,
            28.4584586
          ],
          [
            121.3149072,
            28.4611048
          ],
          [
            121.3160658,
            28.4638646
          ],
          [
            121.3171635,
            28.4669839
          ],
          [
            121.3178971,
            28.4697126
          ]
        ]
      }
    },
    {
      "type": "Feature",
      "properties": {
        "id": "1525327395",
        "name": "杭深线",
        "railway": "rail",
        "source": "osm",
        "ref": "3009"
      },
      "geometry": {
        "type": "LineString",
        "coordinates": [
          [
            121.2713301,
            28.4202301
          ],
          [
            121.2719102,
            28.4205627
          ]
        ]
      }
    },
    {
      "type": "Feature",
      "properties": {
        "id": "1525327396",
        "name": "杭深线",
        "railway": "rail",
        "source": "osm",
        "ref": "3009"
      },
      "geometry": {
        "type": "LineString",
        "coordinates": [
          [
            121.2719102,
            28.4205627
          ],
          [
            121.2744628,
            28.4221978
          ],
          [
            121.2789869,
            28.4253708
          ]
        ]
      }
    },
    {
      "type": "Feature",
      "properties": {
        "id": "1525327397",
        "name": "杭深线",
        "railway": "rail",
        "source": "osm",
        "ref": "3009"
      },
      "geometry": {
        "type": "LineString",
        "coordinates": [
          [
            121.2789869,
            28.4253708
          ],
          [
            121.2798968,
            28.426044
          ]
        ]
      }
    },
    {
      "type": "Feature",
      "properties": {
        "id": "1525395520",
        "name": "杭深线",
        "railway": "rail",
        "source": "osm",
        "ref": "3009"
      },
      "geometry": {
        "type": "LineString",
        "coordinates": [
          [
            121.3216939,
            28.4887555
          ],
          [
            121.3219362,
            28.4899347
          ],
          [
            121.3236132,
            28.498405
          ],
          [
            121.3238496,
            28.4996798
          ],
          [
            121.3240352,
            28.500848
          ],
          [
            121.3242199,
            28.5021432
          ],
          [
            121.3243717,
            28.5034283
          ],
          [
            121.3244732,
            28.5046272
          ],
          [
            121.3246733,
            28.5080536
          ]
        ]
      }
    },
    {
      "type": "Feature",
      "properties": {
        "id": "1525395521",
        "name": "杭深线",
        "railway": "rail",
        "source": "osm",
        "ref": "3009"
      },
      "geometry": {
        "type": "LineString",
        "coordinates": [
          [
            121.3231583,
            28.52846
          ],
          [
            121.3233382,
            28.5273348
          ],
          [
            121.323528,
            28.5259856
          ],
          [
            121.3237498,
            28.5237658
          ],
          [
            121.3238706,
            28.5222629
          ],
          [
            121.3239963,
            28.5206126
          ],
          [
            121.3241097,
            28.5189796
          ]
        ]
      }
    },
    {
      "type": "Feature",
      "properties": {
        "id": "1525395522",
        "name": "杭深线",
        "railway": "rail",
        "source": "osm",
        "ref": "3009"
      },
      "geometry": {
        "type": "LineString",
        "coordinates": [
          [
            121.324726,
            28.5092006
          ],
          [
            121.3246733,
            28.5080536
          ]
        ]
      }
    },
    {
      "type": "Feature",
      "properties": {
        "id": "1525395523",
        "name": "杭深线",
        "railway": "rail",
        "source": "osm",
        "ref": "3009"
      },
      "geometry": {
        "type": "LineString",
        "coordinates": [
          [
            121.3241417,
            28.5184339
          ],
          [
            121.3244547,
            28.513028
          ],
          [
            121.324726,
            28.5092006
          ]
        ]
      }
    },
    {
      "type": "Feature",
      "properties": {
        "id": "1525395524",
        "name": "杭深线",
        "railway": "rail",
        "source": "osm",
        "ref": "3009"
      },
      "geometry": {
        "type": "LineString",
        "coordinates": [
          [
            121.3241097,
            28.5189796
          ],
          [
            121.3241417,
            28.5184339
          ]
        ]
      }
    },
    {
      "type": "Feature",
      "properties": {
        "id": "1525520854",
        "name": "",
        "railway": "rail",
        "source": "osm"
      },
      "geometry": {
        "type": "LineString",
        "coordinates": [
          [
            121.3198967,
            28.4807766
          ],
          [
            121.3197775,
            28.4803144
          ],
          [
            121.3196561,
            28.4798854
          ],
          [
            121.3194283,
            28.4791831
          ]
        ]
      }
    },
    {
      "type": "Feature",
      "properties": {
        "id": "1525520855",
        "name": "",
        "railway": "rail",
        "source": "osm"
      },
      "geometry": {
        "type": "LineString",
        "coordinates": [
          [
            121.3223962,
            28.4931774
          ],
          [
            121.3217785,
            28.4911553
          ],
          [
            121.3215623,
            28.4902261
          ],
          [
            121.3213742,
            28.489299
          ]
        ]
      }
    },
    {
      "type": "Feature",
      "properties": {
        "id": "1525520856",
        "name": "",
        "railway": "rail",
        "source": "osm"
      },
      "geometry": {
        "type": "LineString",
        "coordinates": [
          [
            121.3190187,
            28.4755293
          ],
          [
            121.3186367,
            28.4736151
          ],
          [
            121.3185508,
            28.4732332
          ],
          [
            121.3183127,
            28.4723032
          ],
          [
            121.318141,
            28.4716577
          ]
        ]
      }
    },
    {
      "type": "Feature",
      "properties": {
        "id": "1525520857",
        "name": "",
        "railway": "rail",
        "source": "osm"
      },
      "geometry": {
        "type": "LineString",
        "coordinates": [
          [
            121.3186735,
            28.4752725
          ],
          [
            121.3188486,
            28.4762039
          ]
        ]
      }
    },
    {
      "type": "Feature",
      "properties": {
        "id": "1525520858",
        "name": "",
        "railway": "rail",
        "source": "osm"
      },
      "geometry": {
        "type": "LineString",
        "coordinates": [
          [
            121.3209781,
            28.4854009
          ],
          [
            121.3213031,
            28.4870503
          ],
          [
            121.3215518,
            28.4884176
          ]
        ]
      }
    },
    {
      "type": "Feature",
      "properties": {
        "id": "1525520859",
        "name": "",
        "railway": "rail",
        "source": "osm"
      },
      "geometry": {
        "type": "LineString",
        "coordinates": [
          [
            121.322249,
            28.4912513
          ],
          [
            121.3219362,
            28.4899347
          ]
        ]
      }
    },
    {
      "type": "Feature",
      "properties": {
        "id": "1525520860",
        "name": "",
        "railway": "rail",
        "source": "osm"
      },
      "geometry": {
        "type": "LineString",
        "coordinates": [
          [
            121.322335,
            28.4931929
          ],
          [
            121.322067,
            28.4922866
          ],
          [
            121.3219807,
            28.491962
          ],
          [
            121.3217785,
            28.4911553
          ]
        ]
      }
    },
    {
      "type": "Feature",
      "properties": {
        "id": "1525520861",
        "name": "温岭北联络线",
        "railway": "rail",
        "source": "osm",
        "ref": "7612"
      },
      "geometry": {
        "type": "LineString",
        "coordinates": [
          [
            121.3247732,
            28.5158996
          ],
          [
            121.3257556,
            28.5170909
          ]
        ]
      }
    },
    {
      "type": "Feature",
      "properties": {
        "id": "1525526904",
        "name": "杭台高速线",
        "railway": "rail",
        "source": "osm",
        "ref": "3108"
      },
      "geometry": {
        "type": "LineString",
        "coordinates": [
          [
            121.3306515,
            28.2615127
          ],
          [
            121.3307295,
            28.2609173
          ]
        ]
      }
    },
    {
      "type": "Feature",
      "properties": {
        "id": "1532285663",
        "name": "",
        "railway": "rail",
        "source": "osm"
      },
      "geometry": {
        "type": "LineString",
        "coordinates": [
          [
            121.2571795,
            28.7503154
          ],
          [
            121.2579092,
            28.7501275
          ]
        ]
      }
    },
    {
      "type": "Feature",
      "properties": {
        "id": "1532941778",
        "name": "杭台高速线",
        "railway": "rail",
        "source": "osm",
        "ref": "3108"
      },
      "geometry": {
        "type": "LineString",
        "coordinates": [
          [
            121.2376769,
            28.8226774
          ],
          [
            121.2383523,
            28.8208272
          ]
        ]
      }
    },
    {
      "type": "Feature",
      "properties": {
        "id": "1532941780",
        "name": "杭台高速线",
        "railway": "rail",
        "source": "osm",
        "ref": "3108"
      },
      "geometry": {
        "type": "LineString",
        "coordinates": [
          [
            121.2341596,
            28.8578326
          ],
          [
            121.2336769,
            28.8551085
          ],
          [
            121.2335163,
            28.8538983
          ],
          [
            121.233216,
            28.8502446
          ],
          [
            121.2331624,
            28.8492208
          ]
        ]
      }
    },
    {
      "type": "Feature",
      "properties": {
        "id": "1532941781",
        "name": "杭台高速线",
        "railway": "rail",
        "source": "osm",
        "ref": "3108"
      },
      "geometry": {
        "type": "LineString",
        "coordinates": [
          [
            121.233281,
            28.8414318
          ],
          [
            121.2333661,
            28.8403101
          ]
        ]
      }
    },
    {
      "type": "Feature",
      "properties": {
        "id": "1532941782",
        "name": "杭台高速线",
        "railway": "rail",
        "source": "osm",
        "ref": "3108"
      },
      "geometry": {
        "type": "LineString",
        "coordinates": [
          [
            121.2331624,
            28.8492208
          ],
          [
            121.2330767,
            28.8477378
          ],
          [
            121.233117,
            28.8445844
          ],
          [
            121.233281,
            28.8414318
          ]
        ]
      }
    },
    {
      "type": "Feature",
      "properties": {
        "id": "1532941783",
        "name": "杭台高速线",
        "railway": "rail",
        "source": "osm",
        "ref": "3108"
      },
      "geometry": {
        "type": "LineString",
        "coordinates": [
          [
            121.2333661,
            28.8403101
          ],
          [
            121.2348272,
            28.8315195
          ],
          [
            121.2376769,
            28.8226774
          ]
        ]
      }
    },
    {
      "type": "Feature",
      "properties": {
        "id": "1532941784",
        "name": "杭台高速线",
        "railway": "rail",
        "source": "osm",
        "ref": "3108"
      },
      "geometry": {
        "type": "LineString",
        "coordinates": [
          [
            121.2383523,
            28.8208272
          ],
          [
            121.2390919,
            28.8189959
          ],
          [
            121.2401164,
            28.816753
          ],
          [
            121.2421304,
            28.8137646
          ],
          [
            121.2441471,
            28.8109145
          ],
          [
            121.2482605,
            28.8045749
          ],
          [
            121.2509448,
            28.8012533
          ],
          [
            121.2517905,
            28.800421
          ],
          [
            121.2519997,
            28.8002152
          ]
        ]
      }
    },
    {
      "type": "Feature",
      "properties": {
        "id": "1532941785",
        "name": "杭台高速线",
        "railway": "rail",
        "source": "osm",
        "ref": "3108"
      },
      "geometry": {
        "type": "LineString",
        "coordinates": [
          [
            121.2519997,
            28.8002152
          ],
          [
            121.2540804,
            28.7980851
          ]
        ]
      }
    },
    {
      "type": "Feature",
      "properties": {
        "id": "1532946301",
        "name": "杭深线",
        "railway": "rail",
        "source": "osm",
        "ref": "3009"
      },
      "geometry": {
        "type": "LineString",
        "coordinates": [
          [
            121.2922295,
            28.6563609
          ],
          [
            121.2922923,
            28.6560615
          ]
        ]
      }
    },
    {
      "type": "Feature",
      "properties": {
        "id": "1532946302",
        "name": "杭深线",
        "railway": "rail",
        "source": "osm",
        "ref": "3009"
      },
      "geometry": {
        "type": "LineString",
        "coordinates": [
          [
            121.2881554,
            28.6785205
          ],
          [
            121.2892728,
            28.6724353
          ],
          [
            121.2894811,
            28.6713121
          ],
          [
            121.2922295,
            28.6563609
          ]
        ]
      }
    },
    {
      "type": "Feature",
      "properties": {
        "id": "1532946303",
        "name": "杭深线",
        "railway": "rail",
        "source": "osm",
        "ref": "3009"
      },
      "geometry": {
        "type": "LineString",
        "coordinates": [
          [
            121.2831211,
            28.7056003
          ],
          [
            121.2847325,
            28.6969462
          ]
        ]
      }
    },
    {
      "type": "Feature",
      "properties": {
        "id": "1532946304",
        "name": "杭深线",
        "railway": "rail",
        "source": "osm",
        "ref": "3009"
      },
      "geometry": {
        "type": "LineString",
        "coordinates": [
          [
            121.3035162,
            28.5861385
          ],
          [
            121.3036919,
            28.5855979
          ]
        ]
      }
    },
    {
      "type": "Feature",
      "properties": {
        "id": "1532946305",
        "name": "杭深线",
        "railway": "rail",
        "source": "osm",
        "ref": "3009"
      },
      "geometry": {
        "type": "LineString",
        "coordinates": [
          [
            121.2847325,
            28.6969462
          ],
          [
            121.2847738,
            28.6967001
          ]
        ]
      }
    },
    {
      "type": "Feature",
      "properties": {
        "id": "1532946307",
        "name": "杭深线",
        "railway": "rail",
        "source": "osm",
        "ref": "3009"
      },
      "geometry": {
        "type": "LineString",
        "coordinates": [
          [
            121.3004573,
            28.5975156
          ],
          [
            121.3005942,
            28.5968154
          ]
        ]
      }
    },
    {
      "type": "Feature",
      "properties": {
        "id": "1532946308",
        "name": "杭深线",
        "railway": "rail",
        "source": "osm",
        "ref": "3009"
      },
      "geometry": {
        "type": "LineString",
        "coordinates": [
          [
            121.3005942,
            28.5968154
          ],
          [
            121.3014729,
            28.5926651
          ],
          [
            121.3035162,
            28.5861385
          ]
        ]
      }
    },
    {
      "type": "Feature",
      "properties": {
        "id": "1532946309",
        "name": "杭深线",
        "railway": "rail",
        "source": "osm",
        "ref": "3009"
      },
      "geometry": {
        "type": "LineString",
        "coordinates": [
          [
            121.2986454,
            28.612236
          ],
          [
            121.2988271,
            28.6109775
          ]
        ]
      }
    },
    {
      "type": "Feature",
      "properties": {
        "id": "1532946310",
        "name": "杭深线",
        "railway": "rail",
        "source": "osm",
        "ref": "3009"
      },
      "geometry": {
        "type": "LineString",
        "coordinates": [
          [
            121.3036919,
            28.5855979
          ],
          [
            121.304106,
            28.5845385
          ],
          [
            121.3060467,
            28.5789618
          ],
          [
            121.3080807,
            28.5733885
          ],
          [
            121.3121853,
            28.5616912
          ]
        ]
      }
    },
    {
      "type": "Feature",
      "properties": {
        "id": "1532946311",
        "name": "杭深线",
        "railway": "rail",
        "source": "osm",
        "ref": "3009"
      },
      "geometry": {
        "type": "LineString",
        "coordinates": [
          [
            121.2988271,
            28.6109775
          ],
          [
            121.3002439,
            28.5988666
          ],
          [
            121.3004573,
            28.5975156
          ]
        ]
      }
    },
    {
      "type": "Feature",
      "properties": {
        "id": "1532946312",
        "name": "杭深线",
        "railway": "rail",
        "source": "osm",
        "ref": "3009"
      },
      "geometry": {
        "type": "LineString",
        "coordinates": [
          [
            121.2922923,
            28.6560615
          ],
          [
            121.2986454,
            28.612236
          ]
        ]
      }
    },
    {
      "type": "Feature",
      "properties": {
        "id": "1532946313",
        "name": "杭深线",
        "railway": "rail",
        "source": "osm",
        "ref": "3009"
      },
      "geometry": {
        "type": "LineString",
        "coordinates": [
          [
            121.2522999,
            28.7800055
          ],
          [
            121.2524743,
            28.7795334
          ]
        ]
      }
    },
    {
      "type": "Feature",
      "properties": {
        "id": "1532946314",
        "name": "杭深线",
        "railway": "rail",
        "source": "osm",
        "ref": "3009"
      },
      "geometry": {
        "type": "LineString",
        "coordinates": [
          [
            121.2524743,
            28.7795334
          ],
          [
            121.2532634,
            28.7773748
          ]
        ]
      }
    },
    {
      "type": "Feature",
      "properties": {
        "id": "1532946315",
        "name": "杭深线",
        "railway": "rail",
        "source": "osm",
        "ref": "3009"
      },
      "geometry": {
        "type": "LineString",
        "coordinates": [
          [
            121.2603646,
            28.7483849
          ],
          [
            121.2610183,
            28.746261
          ]
        ]
      }
    },
    {
      "type": "Feature",
      "properties": {
        "id": "1532946316",
        "name": "杭深线",
        "railway": "rail",
        "source": "osm",
        "ref": "3009"
      },
      "geometry": {
        "type": "LineString",
        "coordinates": [
          [
            121.2540608,
            28.7744343
          ],
          [
            121.2542512,
            28.7736763
          ]
        ]
      }
    },
    {
      "type": "Feature",
      "properties": {
        "id": "1532946317",
        "name": "杭深线",
        "railway": "rail",
        "source": "osm",
        "ref": "3009"
      },
      "geometry": {
        "type": "LineString",
        "coordinates": [
          [
            121.2542512,
            28.7736763
          ],
          [
            121.2556548,
            28.7679282
          ]
        ]
      }
    },
    {
      "type": "Feature",
      "properties": {
        "id": "1532946318",
        "name": "杭深线",
        "railway": "rail",
        "source": "osm",
        "ref": "3009"
      },
      "geometry": {
        "type": "LineString",
        "coordinates": [
          [
            121.2610183,
            28.746261
          ],
          [
            121.2614214,
            28.7449936
          ],
          [
            121.2617314,
            28.7441071
          ],
          [
            121.2622969,
            28.7426927
          ],
          [
            121.263123,
            28.7407359
          ],
          [
            121.2642443,
            28.7385034
          ],
          [
            121.2650282,
            28.7370676
          ],
          [
            121.2657072,
            28.7358662
          ],
          [
            121.2664989,
            28.7345971
          ],
          [
            121.2678378,
            28.732592
          ],
          [
            121.2693278,
            28.7306717
          ]
        ]
      }
    },
    {
      "type": "Feature",
      "properties": {
        "id": "1532946319",
        "name": "杭深线",
        "railway": "rail",
        "source": "osm",
        "ref": "3009"
      },
      "geometry": {
        "type": "LineString",
        "coordinates": [
          [
            121.25572,
            28.767689
          ],
          [
            121.2565897,
            28.7645315
          ],
          [
            121.2579946,
            28.7582188
          ],
          [
            121.2589622,
            28.7538922
          ],
          [
            121.2592503,
            28.7527049
          ],
          [
            121.2603646,
            28.7483849
          ]
        ]
      }
    },
    {
      "type": "Feature",
      "properties": {
        "id": "1532946320",
        "name": "杭深线",
        "railway": "rail",
        "source": "osm",
        "ref": "3009"
      },
      "geometry": {
        "type": "LineString",
        "coordinates": [
          [
            121.2431879,
            28.7948606
          ],
          [
            121.2440105,
            28.7938675
          ],
          [
            121.247351,
            28.7892295
          ],
          [
            121.2490852,
            28.7866576
          ],
          [
            121.2503455,
            28.7843649
          ],
          [
            121.2515835,
            28.7818945
          ],
          [
            121.2522999,
            28.7800055
          ]
        ]
      }
    },
    {
      "type": "Feature",
      "properties": {
        "id": "1532946321",
        "name": "杭深线",
        "railway": "rail",
        "source": "osm",
        "ref": "3009"
      },
      "geometry": {
        "type": "LineString",
        "coordinates": [
          [
            121.2693278,
            28.7306717
          ],
          [
            121.279945,
            28.7158145
          ],
          [
            121.2818381,
            28.7112334
          ],
          [
            121.2827215,
            28.7077246
          ],
          [
            121.2831211,
            28.7056003
          ]
        ]
      }
    },
    {
      "type": "Feature",
      "properties": {
        "id": "1532946322",
        "name": "杭深线",
        "railway": "rail",
        "source": "osm",
        "ref": "3009"
      },
      "geometry": {
        "type": "LineString",
        "coordinates": [
          [
            121.2556548,
            28.7679282
          ],
          [
            121.25572,
            28.767689
          ]
        ]
      }
    },
    {
      "type": "Feature",
      "properties": {
        "id": "1532946323",
        "name": "杭深线",
        "railway": "rail",
        "source": "osm",
        "ref": "3009"
      },
      "geometry": {
        "type": "LineString",
        "coordinates": [
          [
            121.2532634,
            28.7773748
          ],
          [
            121.2540608,
            28.7744343
          ]
        ]
      }
    },
    {
      "type": "Feature",
      "properties": {
        "id": "1532946324",
        "name": "杭深线",
        "railway": "rail",
        "source": "osm",
        "ref": "3009"
      },
      "geometry": {
        "type": "LineString",
        "coordinates": [
          [
            121.2351471,
            28.8078347
          ],
          [
            121.2368261,
            28.804431
          ]
        ]
      }
    },
    {
      "type": "Feature",
      "properties": {
        "id": "1532946325",
        "name": "杭深线",
        "railway": "rail",
        "source": "osm",
        "ref": "3009"
      },
      "geometry": {
        "type": "LineString",
        "coordinates": [
          [
            121.2316953,
            28.8187672
          ],
          [
            121.232123,
            28.8166381
          ]
        ]
      }
    },
    {
      "type": "Feature",
      "properties": {
        "id": "1532946326",
        "name": "杭深线",
        "railway": "rail",
        "source": "osm",
        "ref": "3009"
      },
      "geometry": {
        "type": "LineString",
        "coordinates": [
          [
            121.241324,
            28.7974797
          ],
          [
            121.2431879,
            28.7948606
          ]
        ]
      }
    },
    {
      "type": "Feature",
      "properties": {
        "id": "1532946327",
        "name": "杭深线",
        "railway": "rail",
        "source": "osm",
        "ref": "3009"
      },
      "geometry": {
        "type": "LineString",
        "coordinates": [
          [
            121.2315217,
            28.819608
          ],
          [
            121.2315515,
            28.8194359
          ]
        ]
      }
    },
    {
      "type": "Feature",
      "properties": {
        "id": "1532946328",
        "name": "杭深线",
        "railway": "rail",
        "source": "osm",
        "ref": "3009"
      },
      "geometry": {
        "type": "LineString",
        "coordinates": [
          [
            121.2388264,
            28.8011146
          ],
          [
            121.241324,
            28.7974797
          ]
        ]
      }
    },
    {
      "type": "Feature",
      "properties": {
        "id": "1532946329",
        "name": "杭深线",
        "railway": "rail",
        "source": "osm",
        "ref": "3009"
      },
      "geometry": {
        "type": "LineString",
        "coordinates": [
          [
            121.2315515,
            28.8194359
          ],
          [
            121.2316953,
            28.8187672
          ]
        ]
      }
    },
    {
      "type": "Feature",
      "properties": {
        "id": "1532946330",
        "name": "杭深线",
        "railway": "rail",
        "source": "osm",
        "ref": "3009"
      },
      "geometry": {
        "type": "LineString",
        "coordinates": [
          [
            121.2381322,
            28.8022262
          ],
          [
            121.2388264,
            28.8011146
          ]
        ]
      }
    },
    {
      "type": "Feature",
      "properties": {
        "id": "1532946331",
        "name": "杭深线",
        "railway": "rail",
        "source": "osm",
        "ref": "3009"
      },
      "geometry": {
        "type": "LineString",
        "coordinates": [
          [
            121.232123,
            28.8166381
          ],
          [
            121.2327964,
            28.814081
          ]
        ]
      }
    },
    {
      "type": "Feature",
      "properties": {
        "id": "1532946332",
        "name": "杭深线",
        "railway": "rail",
        "source": "osm",
        "ref": "3009"
      },
      "geometry": {
        "type": "LineString",
        "coordinates": [
          [
            121.2327964,
            28.814081
          ],
          [
            121.2332721,
            28.8126527
          ],
          [
            121.2340901,
            28.8104509
          ],
          [
            121.2351471,
            28.8078347
          ]
        ]
      }
    },
    {
      "type": "Feature",
      "properties": {
        "id": "1532946333",
        "name": "杭深线",
        "railway": "rail",
        "source": "osm",
        "ref": "3009"
      },
      "geometry": {
        "type": "LineString",
        "coordinates": [
          [
            121.2368261,
            28.804431
          ],
          [
            121.2375833,
            28.8031077
          ],
          [
            121.2381322,
            28.8022262
          ]
        ]
      }
    },
    {
      "type": "Feature",
      "properties": {
        "id": "1532946334",
        "name": "杭深线",
        "railway": "rail",
        "source": "osm",
        "ref": "3009"
      },
      "geometry": {
        "type": "LineString",
        "coordinates": [
          [
            121.2282645,
            28.8396368
          ],
          [
            121.2315217,
            28.819608
          ]
        ]
      }
    },
    {
      "type": "Feature",
      "properties": {
        "id": "1532946394",
        "name": "杭深线",
        "railway": "rail",
        "source": "osm",
        "ref": "3009"
      },
      "geometry": {
        "type": "LineString",
        "coordinates": [
          [
            121.2280909,
            28.8413777
          ],
          [
            121.2282645,
            28.8396368
          ]
        ]
      }
    },
    {
      "type": "Feature",
      "properties": {
        "id": "1532946398",
        "name": "杭深线",
        "railway": "rail",
        "source": "osm",
        "ref": "3009"
      },
      "geometry": {
        "type": "LineString",
        "coordinates": [
          [
            121.2280831,
            28.8416419
          ],
          [
            121.2280909,
            28.8413777
          ]
        ]
      }
    },
    {
      "type": "Feature",
      "properties": {
        "id": "1532946411",
        "name": "杭深线",
        "railway": "rail",
        "source": "osm",
        "ref": "3009"
      },
      "geometry": {
        "type": "LineString",
        "coordinates": [
          [
            121.2292856,
            28.8528791
          ],
          [
            121.2288381,
            28.8507001
          ],
          [
            121.2282587,
            28.8470501
          ],
          [
            121.2280675,
            28.8431728
          ],
          [
            121.2280831,
            28.8416419
          ]
        ]
      }
    },
    {
      "type": "Feature",
      "properties": {
        "id": "1532946499",
        "name": "杭深线",
        "railway": "rail",
        "source": "osm",
        "ref": "3009"
      },
      "geometry": {
        "type": "LineString",
        "coordinates": [
          [
            121.2171093,
            28.3913522
          ],
          [
            121.2713301,
            28.4202301
          ]
        ]
      }
    },
    {
      "type": "Feature",
      "properties": {
        "id": "1532946503",
        "name": "杭深线",
        "railway": "rail",
        "source": "osm",
        "ref": "3009"
      },
      "geometry": {
        "type": "LineString",
        "coordinates": [
          [
            121.0818229,
            28.2916765
          ],
          [
            121.0814184,
            28.2913455
          ]
        ]
      }
    },
    {
      "type": "Feature",
      "properties": {
        "id": "1532946504",
        "name": "杭深线",
        "railway": "rail",
        "source": "osm",
        "ref": "3009"
      },
      "geometry": {
        "type": "LineString",
        "coordinates": [
          [
            121.0657013,
            28.2796084
          ],
          [
            121.0391425,
            28.2614652
          ]
        ]
      }
    },
    {
      "type": "Feature",
      "properties": {
        "id": "1532946510",
        "name": "杭深线",
        "railway": "rail",
        "source": "osm",
        "ref": "3009"
      },
      "geometry": {
        "type": "LineString",
        "coordinates": [
          [
            121.0814184,
            28.2913455
          ],
          [
            121.0794542,
            28.2898825
          ],
          [
            121.0789389,
            28.2894987
          ],
          [
            121.0749989,
            28.2865747
          ],
          [
            121.0657013,
            28.2796084
          ]
        ]
      }
    },
    {
      "type": "Feature",
      "properties": {
        "id": "1532946512",
        "name": "杭深线",
        "railway": "rail",
        "source": "osm",
        "ref": "3009"
      },
      "geometry": {
        "type": "LineString",
        "coordinates": [
          [
            121.0925844,
            28.2996677
          ],
          [
            121.0818229,
            28.2916765
          ]
        ]
      }
    },
    {
      "type": "Feature",
      "properties": {
        "id": "1532946514",
        "name": "杭深线",
        "railway": "rail",
        "source": "osm",
        "ref": "3009"
      },
      "geometry": {
        "type": "LineString",
        "coordinates": [
          [
            121.1558881,
            28.3497704
          ],
          [
            121.1508314,
            28.3459514
          ],
          [
            121.1441629,
            28.341316
          ],
          [
            121.1433023,
            28.340699
          ]
        ]
      }
    },
    {
      "type": "Feature",
      "properties": {
        "id": "1532946515",
        "name": "杭深线",
        "railway": "rail",
        "source": "osm",
        "ref": "3009"
      },
      "geometry": {
        "type": "LineString",
        "coordinates": [
          [
            121.2171352,
            28.3913136
          ],
          [
            121.2134555,
            28.3894404
          ]
        ]
      }
    },
    {
      "type": "Feature",
      "properties": {
        "id": "1532946516",
        "name": "杭深线",
        "railway": "rail",
        "source": "osm",
        "ref": "3009"
      },
      "geometry": {
        "type": "LineString",
        "coordinates": [
          [
            121.0956001,
            28.3021989
          ],
          [
            121.0945597,
            28.3013653
          ]
        ]
      }
    },
    {
      "type": "Feature",
      "properties": {
        "id": "1532946517",
        "name": "杭深线",
        "railway": "rail",
        "source": "osm",
        "ref": "3009"
      },
      "geometry": {
        "type": "LineString",
        "coordinates": [
          [
            121.158439,
            28.3515256
          ],
          [
            121.1583364,
            28.3514638
          ],
          [
            121.1578089,
            28.3511462
          ],
          [
            121.1558881,
            28.3497704
          ]
        ]
      }
    },
    {
      "type": "Feature",
      "properties": {
        "id": "1532946518",
        "name": "杭深线",
        "railway": "rail",
        "source": "osm",
        "ref": "3009"
      },
      "geometry": {
        "type": "LineString",
        "coordinates": [
          [
            121.2132494,
            28.3893355
          ],
          [
            121.2108933,
            28.3880627
          ]
        ]
      }
    },
    {
      "type": "Feature",
      "properties": {
        "id": "1532946519",
        "name": "杭深线",
        "railway": "rail",
        "source": "osm",
        "ref": "3009"
      },
      "geometry": {
        "type": "LineString",
        "coordinates": [
          [
            121.1006876,
            28.3066316
          ],
          [
            121.0974275,
            28.3037347
          ]
        ]
      }
    },
    {
      "type": "Feature",
      "properties": {
        "id": "1532946520",
        "name": "杭深线",
        "railway": "rail",
        "source": "osm",
        "ref": "3009"
      },
      "geometry": {
        "type": "LineString",
        "coordinates": [
          [
            121.1399878,
            28.3383228
          ],
          [
            121.1391933,
            28.3377533
          ],
          [
            121.1351601,
            28.3348432
          ]
        ]
      }
    },
    {
      "type": "Feature",
      "properties": {
        "id": "1532946521",
        "name": "杭深线",
        "railway": "rail",
        "source": "osm",
        "ref": "3009"
      },
      "geometry": {
        "type": "LineString",
        "coordinates": [
          [
            121.1182941,
            28.3227282
          ],
          [
            121.1006876,
            28.3066316
          ]
        ]
      }
    },
    {
      "type": "Feature",
      "properties": {
        "id": "1532946522",
        "name": "杭深线",
        "railway": "rail",
        "source": "osm",
        "ref": "3009"
      },
      "geometry": {
        "type": "LineString",
        "coordinates": [
          [
            121.1351601,
            28.3348432
          ],
          [
            121.1234642,
            28.3265661
          ],
          [
            121.1222057,
            28.325611
          ]
        ]
      }
    },
    {
      "type": "Feature",
      "properties": {
        "id": "1532946523",
        "name": "杭深线",
        "railway": "rail",
        "source": "osm",
        "ref": "3009"
      },
      "geometry": {
        "type": "LineString",
        "coordinates": [
          [
            121.2134555,
            28.3894404
          ],
          [
            121.2132494,
            28.3893355
          ]
        ]
      }
    },
    {
      "type": "Feature",
      "properties": {
        "id": "1532946524",
        "name": "杭深线",
        "railway": "rail",
        "source": "osm",
        "ref": "3009"
      },
      "geometry": {
        "type": "LineString",
        "coordinates": [
          [
            121.1430236,
            28.3404992
          ],
          [
            121.140427,
            28.3386377
          ]
        ]
      }
    },
    {
      "type": "Feature",
      "properties": {
        "id": "1532946525",
        "name": "杭深线",
        "railway": "rail",
        "source": "osm",
        "ref": "3009"
      },
      "geometry": {
        "type": "LineString",
        "coordinates": [
          [
            121.0974275,
            28.3037347
          ],
          [
            121.0956001,
            28.3021989
          ]
        ]
      }
    },
    {
      "type": "Feature",
      "properties": {
        "id": "1532946526",
        "name": "杭深线",
        "railway": "rail",
        "source": "osm",
        "ref": "3009"
      },
      "geometry": {
        "type": "LineString",
        "coordinates": [
          [
            121.140427,
            28.3386377
          ],
          [
            121.1399878,
            28.3383228
          ]
        ]
      }
    },
    {
      "type": "Feature",
      "properties": {
        "id": "1532946527",
        "name": "杭深线",
        "railway": "rail",
        "source": "osm",
        "ref": "3009"
      },
      "geometry": {
        "type": "LineString",
        "coordinates": [
          [
            121.2106537,
            28.3879332
          ],
          [
            121.2079595,
            28.3864777
          ],
          [
            121.2023376,
            28.3835023
          ]
        ]
      }
    },
    {
      "type": "Feature",
      "properties": {
        "id": "1532946528",
        "name": "杭深线",
        "railway": "rail",
        "source": "osm",
        "ref": "3009"
      },
      "geometry": {
        "type": "LineString",
        "coordinates": [
          [
            121.1208537,
            28.3245922
          ],
          [
            121.1199227,
            28.3239142
          ],
          [
            121.1182941,
            28.3227282
          ]
        ]
      }
    },
    {
      "type": "Feature",
      "properties": {
        "id": "1532946529",
        "name": "杭深线",
        "railway": "rail",
        "source": "osm",
        "ref": "3009"
      },
      "geometry": {
        "type": "LineString",
        "coordinates": [
          [
            121.1222057,
            28.325611
          ],
          [
            121.1219833,
            28.3254425
          ]
        ]
      }
    },
    {
      "type": "Feature",
      "properties": {
        "id": "1532946530",
        "name": "杭深线",
        "railway": "rail",
        "source": "osm",
        "ref": "3009"
      },
      "geometry": {
        "type": "LineString",
        "coordinates": [
          [
            121.2108933,
            28.3880627
          ],
          [
            121.2106537,
            28.3879332
          ]
        ]
      }
    },
    {
      "type": "Feature",
      "properties": {
        "id": "1532946531",
        "name": "杭深线",
        "railway": "rail",
        "source": "osm",
        "ref": "3009"
      },
      "geometry": {
        "type": "LineString",
        "coordinates": [
          [
            121.1967757,
            28.3802092
          ],
          [
            121.1821822,
            28.3691453
          ]
        ]
      }
    },
    {
      "type": "Feature",
      "properties": {
        "id": "1532946532",
        "name": "杭深线",
        "railway": "rail",
        "source": "osm",
        "ref": "3009"
      },
      "geometry": {
        "type": "LineString",
        "coordinates": [
          [
            121.0945597,
            28.3013653
          ],
          [
            121.0942331,
            28.3010847
          ]
        ]
      }
    },
    {
      "type": "Feature",
      "properties": {
        "id": "1532946533",
        "name": "杭深线",
        "railway": "rail",
        "source": "osm",
        "ref": "3009"
      },
      "geometry": {
        "type": "LineString",
        "coordinates": [
          [
            121.1433023,
            28.340699
          ],
          [
            121.1430236,
            28.3404992
          ]
        ]
      }
    },
    {
      "type": "Feature",
      "properties": {
        "id": "1532946534",
        "name": "杭深线",
        "railway": "rail",
        "source": "osm",
        "ref": "3009"
      },
      "geometry": {
        "type": "LineString",
        "coordinates": [
          [
            121.1984035,
            28.3812766
          ],
          [
            121.1967757,
            28.3802092
          ]
        ]
      }
    },
    {
      "type": "Feature",
      "properties": {
        "id": "1532946535",
        "name": "杭深线",
        "railway": "rail",
        "source": "osm",
        "ref": "3009"
      },
      "geometry": {
        "type": "LineString",
        "coordinates": [
          [
            121.1219833,
            28.3254425
          ],
          [
            121.1208537,
            28.3245922
          ]
        ]
      }
    },
    {
      "type": "Feature",
      "properties": {
        "id": "1532946536",
        "name": "杭深线",
        "railway": "rail",
        "source": "osm",
        "ref": "3009"
      },
      "geometry": {
        "type": "LineString",
        "coordinates": [
          [
            121.1821822,
            28.3691453
          ],
          [
            121.158439,
            28.3515256
          ]
        ]
      }
    },
    {
      "type": "Feature",
      "properties": {
        "id": "1532946537",
        "name": "杭深线",
        "railway": "rail",
        "source": "osm",
        "ref": "3009"
      },
      "geometry": {
        "type": "LineString",
        "coordinates": [
          [
            121.2023376,
            28.3835023
          ],
          [
            121.1995691,
            28.3820148
          ],
          [
            121.1984035,
            28.3812766
          ]
        ]
      }
    },
    {
      "type": "Feature",
      "properties": {
        "id": "1532946538",
        "name": "杭深线",
        "railway": "rail",
        "source": "osm",
        "ref": "3009"
      },
      "geometry": {
        "type": "LineString",
        "coordinates": [
          [
            121.0942331,
            28.3010847
          ],
          [
            121.0925844,
            28.2996677
          ]
        ]
      }
    },
    {
      "type": "Feature",
      "properties": {
        "id": "1532946539",
        "name": "杭深线",
        "railway": "rail",
        "source": "osm",
        "ref": "3009"
      },
      "geometry": {
        "type": "LineString",
        "coordinates": [
          [
            121.2713837,
            28.4201711
          ],
          [
            121.2171352,
            28.3913136
          ]
        ]
      }
    },
    {
      "type": "Feature",
      "properties": {
        "id": "3328298203",
        "name": "站西大道",
        "order": 1,
        "source": "osm"
      },
      "geometry": {
        "type": "Point",
        "coordinates": [
          121.2670316,
          28.6754415
        ]
      }
    },
    {
      "type": "Feature",
      "properties": {
        "id": "3345503819",
        "name": "院桥站",
        "order": 2,
        "source": "osm"
      },
      "geometry": {
        "type": "Point",
        "coordinates": [
          121.2553452,
          28.5565531
        ]
      }
    },
    {
      "type": "Feature",
      "properties": {
        "id": "3345510825",
        "name": "院桥",
        "order": 3,
        "source": "osm"
      },
      "geometry": {
        "type": "Point",
        "coordinates": [
          121.2525978,
          28.558343
        ]
      }
    },
    {
      "type": "Feature",
      "properties": {
        "id": "3349946770",
        "name": "台州客运东站",
        "order": 4,
        "source": "osm"
      },
      "geometry": {
        "type": "Point",
        "coordinates": [
          121.4025406,
          28.6106819
        ]
      }
    },
    {
      "type": "Feature",
      "properties": {
        "id": "5154991268",
        "name": "台州",
        "order": 5,
        "source": "osm"
      },
      "geometry": {
        "type": "Point",
        "coordinates": [
          121.3672864,
          28.6561685
        ]
      }
    },
    {
      "type": "Feature",
      "properties": {
        "id": "5154991284",
        "name": "汇丰路",
        "order": 6,
        "source": "osm"
      },
      "geometry": {
        "type": "Point",
        "coordinates": [
          121.3842846,
          28.6133867
        ]
      }
    },
    {
      "type": "Feature",
      "properties": {
        "id": "5154991286",
        "name": "锦泰",
        "order": 7,
        "source": "osm"
      },
      "geometry": {
        "type": "Point",
        "coordinates": [
          121.364275,
          28.6014444
        ]
      }
    },
    {
      "type": "Feature",
      "properties": {
        "id": "5154991289",
        "name": "国博中心",
        "order": 8,
        "source": "osm"
      },
      "geometry": {
        "type": "Point",
        "coordinates": [
          121.3951502,
          28.6241382
        ]
      }
    },
    {
      "type": "Feature",
      "properties": {
        "id": "5155007133",
        "name": "台州汽车南站",
        "order": 9,
        "source": "osm"
      },
      "geometry": {
        "type": "Point",
        "coordinates": [
          121.3246803,
          28.5721331
        ]
      }
    },
    {
      "type": "Feature",
      "properties": {
        "id": "5157466484",
        "name": "恩泽医院",
        "order": 10,
        "source": "osm"
      },
      "geometry": {
        "type": "Point",
        "coordinates": [
          121.3328019,
          28.5900471
        ]
      }
    },
    {
      "type": "Feature",
      "properties": {
        "id": "5678394524",
        "name": "方洞·景天湖景区-悬崖索道下站",
        "order": 11,
        "source": "osm"
      },
      "geometry": {
        "type": "Point",
        "coordinates": [
          121.0711602,
          28.3578982
        ]
      }
    },
    {
      "type": "Feature",
      "properties": {
        "id": "7394442352",
        "name": "温岭第一人民医院",
        "order": 12,
        "source": "osm"
      },
      "geometry": {
        "type": "Point",
        "coordinates": [
          121.3392182,
          28.4072372
        ]
      }
    },
    {
      "type": "Feature",
      "properties": {
        "id": "7394442365",
        "name": "九龙大道",
        "order": 13,
        "source": "osm"
      },
      "geometry": {
        "type": "Point",
        "coordinates": [
          121.3554312,
          28.3966252
        ]
      }
    },
    {
      "type": "Feature",
      "properties": {
        "id": "7394442374",
        "name": "万昌路",
        "order": 14,
        "source": "osm"
      },
      "geometry": {
        "type": "Point",
        "coordinates": [
          121.3720814,
          28.3806261
        ]
      }
    },
    {
      "type": "Feature",
      "properties": {
        "id": "7394442385",
        "name": "南屏",
        "order": 15,
        "source": "osm"
      },
      "geometry": {
        "type": "Point",
        "coordinates": [
          121.3819207,
          28.3669535
        ]
      }
    },
    {
      "type": "Feature",
      "properties": {
        "id": "7714110153",
        "name": "雁荡山",
        "order": 16,
        "source": "osm"
      },
      "geometry": {
        "type": "Point",
        "coordinates": [
          121.1478227,
          28.3444955
        ]
      }
    },
    {
      "type": "Feature",
      "properties": {
        "id": "7714110154",
        "name": "温岭",
        "order": 17,
        "source": "osm"
      },
      "geometry": {
        "type": "Point",
        "coordinates": [
          121.3208306,
          28.4821963
        ]
      }
    },
    {
      "type": "Feature",
      "properties": {
        "id": "7714110155",
        "name": "台州南",
        "order": 18,
        "source": "osm"
      },
      "geometry": {
        "type": "Point",
        "coordinates": [
          121.3164787,
          28.548458
        ]
      }
    },
    {
      "type": "Feature",
      "properties": {
        "id": "7714110156",
        "name": "台州西",
        "order": 19,
        "source": "osm"
      },
      "geometry": {
        "type": "Point",
        "coordinates": [
          121.286474,
          28.6891529
        ]
      }
    },
    {
      "type": "Feature",
      "properties": {
        "id": "8229543298",
        "name": "学院路",
        "order": 20,
        "source": "osm"
      },
      "geometry": {
        "type": "Point",
        "coordinates": [
          121.3983914,
          28.6409283
        ]
      }
    },
    {
      "type": "Feature",
      "properties": {
        "id": "8566164681",
        "name": "临海东",
        "order": 21,
        "source": "osm"
      },
      "geometry": {
        "type": "Point",
        "coordinates": [
          121.2521874,
          28.7523598
        ]
      }
    },
    {
      "type": "Feature",
      "properties": {
        "id": "8566164682",
        "name": "杜桥",
        "order": 22,
        "source": "osm"
      },
      "geometry": {
        "type": "Point",
        "coordinates": [
          121.4640804,
          28.7798735
        ]
      }
    },
    {
      "type": "Feature",
      "properties": {
        "id": "8566213144",
        "name": "临海南",
        "order": 23,
        "source": "osm"
      },
      "geometry": {
        "type": "Point",
        "coordinates": [
          121.128814,
          28.8111669
        ]
      }
    },
    {
      "type": "Feature",
      "properties": {
        "id": "9794105517",
        "name": "Yandang Mountain free tourist shuttle bus center",
        "order": 24,
        "source": "osm"
      },
      "geometry": {
        "type": "Point",
        "coordinates": [
          121.12003,
          28.3682379
        ]
      }
    },
    {
      "type": "Feature",
      "properties": {
        "id": "9824115401",
        "name": "城南",
        "order": 25,
        "source": "osm"
      },
      "geometry": {
        "type": "Point",
        "coordinates": [
          121.4106705,
          28.3178986
        ]
      }
    },
    {
      "type": "Feature",
      "properties": {
        "id": "9894368699",
        "name": "温岭火车站",
        "order": 26,
        "source": "osm"
      },
      "geometry": {
        "type": "Point",
        "coordinates": [
          121.3223666,
          28.481971
        ]
      }
    },
    {
      "type": "Feature",
      "properties": {
        "id": "9894368700",
        "name": "泽国",
        "order": 27,
        "source": "osm"
      },
      "geometry": {
        "type": "Point",
        "coordinates": [
          121.3334072,
          28.4993409
        ]
      }
    },
    {
      "type": "Feature",
      "properties": {
        "id": "10120263938",
        "name": "台州火车站",
        "order": 28,
        "source": "osm"
      },
      "geometry": {
        "type": "Point",
        "coordinates": [
          121.3689816,
          28.6558954
        ]
      }
    },
    {
      "type": "Feature",
      "properties": {
        "id": "10120263993",
        "name": "万昌路",
        "order": 29,
        "source": "osm"
      },
      "geometry": {
        "type": "Point",
        "coordinates": [
          121.3720544,
          28.3806113
        ]
      }
    },
    {
      "type": "Feature",
      "properties": {
        "id": "10292121195",
        "name": "城南",
        "order": 30,
        "source": "osm"
      },
      "geometry": {
        "type": "Point",
        "coordinates": [
          121.4107208,
          28.3179007
        ]
      }
    },
    {
      "type": "Feature",
      "properties": {
        "id": "10292121196",
        "name": "汇川王",
        "order": 31,
        "source": "osm"
      },
      "geometry": {
        "type": "Point",
        "coordinates": [
          121.3280618,
          28.443024
        ]
      }
    },
    {
      "type": "Feature",
      "properties": {
        "id": "10292121197",
        "name": "台州火车站",
        "order": 32,
        "source": "osm"
      },
      "geometry": {
        "type": "Point",
        "coordinates": [
          121.3688627,
          28.6559003
        ]
      }
    },
    {
      "type": "Feature",
      "properties": {
        "id": "10604964460",
        "name": "学院路",
        "order": 33,
        "source": "osm"
      },
      "geometry": {
        "type": "Point",
        "coordinates": [
          121.3983923,
          28.6409565
        ]
      }
    },
    {
      "type": "Feature",
      "properties": {
        "id": "10605088081",
        "name": "汇丰路",
        "order": 34,
        "source": "osm"
      },
      "geometry": {
        "type": "Point",
        "coordinates": [
          121.3842471,
          28.6134128
        ]
      }
    },
    {
      "type": "Feature",
      "properties": {
        "id": "10605088082",
        "name": "锦泰",
        "order": 35,
        "source": "osm"
      },
      "geometry": {
        "type": "Point",
        "coordinates": [
          121.3642804,
          28.6015005
        ]
      }
    },
    {
      "type": "Feature",
      "properties": {
        "id": "10606359287",
        "name": "国博中心",
        "order": 36,
        "source": "osm"
      },
      "geometry": {
        "type": "Point",
        "coordinates": [
          121.395164,
          28.6241277
        ]
      }
    },
    {
      "type": "Feature",
      "properties": {
        "id": "12192270051",
        "name": "方洞·景天湖景区-悬崖索道上站",
        "order": 37,
        "source": "osm"
      },
      "geometry": {
        "type": "Point",
        "coordinates": [
          121.0694162,
          28.3615329
        ]
      }
    },
    {
      "type": "Feature",
      "properties": {
        "id": "12528599480",
        "name": "台州海上客运中心",
        "order": 38,
        "source": "osm"
      },
      "geometry": {
        "type": "Point",
        "coordinates": [
          121.4445366,
          28.6864402
        ]
      }
    },
    {
      "type": "Feature",
      "properties": {
        "id": "13506799194",
        "name": "温岭西",
        "order": 39,
        "source": "osm"
      },
      "geometry": {
        "type": "Point",
        "coordinates": [
          121.2932326,
          28.3974576
        ]
      }
    }
  ]
}